aaa,aaaa,aaaaaa,aar,aaron,aau,ab,aba,abalon,abandon,abbi,abbie,abbrevi,abd,abel,abella,abi,abid,abil,abl,ablaz,able,abnorm,abo,abou,abound,abras,abrupt,absenc,absent,absente,absinth,absolut,absolute,absolv,absorb,absurd,abu,abund,abus,abv,abysm,ac,aca,academi,academy,acapulco,acc,acceler,accent,accentu,accept,access,accessori,accid,accident,acclaim,acclim,accolad,accommod,accomod,accomodate,accompani,accomplish,accord,accordion,accost,account,accouter,accoutr,accross,accumul,accur,accus,accustom,ace,ach,acha,achi,achiev,achiot,acht,aci,acid,acknowledg,acoust,acquaint,acquir,acr,acrid,across,act,action,activ,actor,actual,acul,acute,ad,ada,adag,adal,adam,adama,add,addam,addict,addit,address,ade,aden,adequ,adher,adi,adio,adjac,adject,adjoin,adjust,adm,administr,admir,admiss,admit,adob,adolesc,adopt,ador,adorn,adrian,adrien,adult,advanc,advantag,adventur,advertis,advic,advis,advisor,advoc,aerial,aerob,aesthet,af,afc,affabl,affair,affect,affection,affili,affin,affirm,affluent,afford,afghanistan,aficionado,aflam,aforement,afraid,africa,african,aft,after,afterburn,afterlif,afternoon,aftertast,afterthought,afterward,afterword,ag,agano,age,agen,agenc,agenda,agent,aggrav,aggress,agi,agio,agip,agit,agnolo,ago,agog,agon,agra,agre,agreeabl,agreement,agri,agua,ah,aha,ahead,ahem,ahh,ahi,ahlen,aid,aida,aig,ail,aim,aio,air,aircraft,airfar,airi,airlin,airplan,airport,airway,ais,aisl,ak,aka,akb,aki,akin,al,ala,alabama,aladdin,alan,alarm,alaska,alaskan,albacor,alban,albeit,albert,alcohol,alcov,alden,ale,alec,alejandro,alert,alex,alexander,alexandria,alexi,alfredo,alfresco,ali,alian,alicia,alien,align,alio,alisha,alito,aliv,alka,all,allah,allan,alleg,allen,aller,allerg,allergen,allergi,alley,alleyway,alli,allianc,allig,alloc,allot,allow,allud,allur,alma,almond,almost,alms,alo,aloha,alon,along,alongsid,aloof,aloud,alpe,alreadi,alright,also,alt,alter,alterc,altern,altho,although,altogeth,alumni,alway,alyssa,am,ama,amadeus,amador,amalgam,amam,amanda,amass,amateur,amateurish,amaz,amaze,amazing,amazon,amazonia,ambassador,amber,ambianc,ambienc,ambient,ambigu,ambit,ambl,amblin,ambrosia,amd,amelia,amen,amend,america,american,americano,amerika,amex,ami,amic,amid,amidst,amigo,amin,amino,amis,amma,ammunit,amo,among,amongst,amos,amount,amp,ampl,ampli,amplifi,amt,amuck,amus,an,anaheim,anal,analog,analyz,anatom,anc,anchor,anchovi,ancient,and,anderson,andi,ando,andr,andrea,andrew,anem,ang,angel,angela,angelo,anger,angi,angl,anglo,angostura,angri,angry,angst,angus,ani,anim,anis,ann,anna,anni,anniversari,announc,annoy,annual,ano,anomali,anonym,anorex,anoth,ansei,answer,ant,anther,anthoni,anti,anticip,antioxid,antipasti,antipasto,antiqu,antonio,ants,anxieti,anxious,any,anybodi,anyhow,anymor,anyon,anyone,anyplac,anyth,anytim,anyway,anywher,anzin,ap,apart,apathet,ape,aphrodisiac,apia,apl,apo,apocalyps,apolog,apologet,apologis,app,appa,appal,appar,appeal,appear,appeas,appel,appet,appetit,appetizer,appl,applaud,apple,applesauc,appli,applic,appoint,appolog,apport,appreci,apprehens,approach,appropri,approv,approx,approxim,apricot,april,apron,aq,aqua,aquamarin,aquarium,aquat,ar,arabian,arbor,arby,arcad,arch,architect,architectur,archway,ard,arda,arden,arduous,are,area,arena,arent,areola,arge,argentin,argentina,argentinian,argh,argu,arguabl,argue,arguello,argument,aria,arian,ariel,aris,arizona,arj,arkansa,arlington,arm,arma,armando,armi,arnais,arno,arnold,aroma,aromat,around,arr,arra,arrang,array,arrest,arriv,arrog,arroyo,ars,art,arteri,arti,artichok,articl,artif,artifici,artisan,artist,artistri,artsi,artwork,aru,arugula,as,asad,asada,asahi,asap,asar,ascertain,ash,asham,ashley,ashtray,asia,asian,asid,ask,asleep,asparagus,aspect,aspir,aspx,ass,assault,assembl,assert,assess,asset,asshol,assign,assist,assistance,associ,assort,assum,assumed,assumpt,assur,asteroid,asti,astonish,astound,astro,astronom,astut,asura,at,atari,ate,ateli,athen,athi,atlant,atlanta,atleast,atm,atmospher,atom,atrium,atroc,atroci,atta,attach,attack,attain,attempt,attend,attende,attent,attest,attir,attitud,attract,attribut,atv,atyp,atz,au,auburn,auch,auction,audac,audi,audibl,audienc,auf,aug,augment,august,aul,aunt,aur,aura,aurelia,aureol,auspic,austin,australia,aut,authent,author,auto,autograph,autom,automat,automate,autr,autumn,aux,av,avail,avatar,ave,avec,aveng,avenu,averag,avid,avn,avoca,avocado,avoid,avr,avro,aw,await,awak,awaken,awal,awar,award,away,awd,awe,awesom,awesome,awkward,awn,ax,axe,ay,ayi,ayy,az,azzi,ba,baa,bab,baba,babbl,babe,babi,baby,babysat,bac,bacardi,baccarat,bacchan,bach,bachelor,bachelorett,bachi,back,backdrop,backed,background,backpack,backrest,backstreet,backup,backward,backyard,bacon,bacteria,bad,badland,baffl,bag,bagel,baggag,bago,baguett,bah,bahn,baht,bailey,bailout,bain,baise,bait,baja,bak,bake,bakeri,baklava,bal,balanc,balconi,bald,baleen,ball,ballad,ballerina,ballet,ballgam,balloon,ballpark,ballplay,ballroom,balm,balsam,bam,bambi,bamboo,bamboozl,ban,banal,banana,band,bandi,bandido,bandwagon,bane,bang,bangkok,bank,banner,bano,banquet,banter,bao,bar,bara,barad,baras,barb,barbadian,barbar,barbara,barbari,barbecu,barbequ,barcelona,bare,barefoot,barf,bargain,bari,barilla,bark,barkley,barley,barn,barney,barnyard,baromet,barona,barrag,barrel,barren,barrett,barstow,bart,bartend,bas,basal,basco,base,basebal,bash,basi,basic,basil,bask,basket,basketbal,bass,bast,bastard,bat,batch,bath,bathhous,bathrob,bathroom,bathtub,batista,batman,batter,batteri,battista,battl,bau,bauer,bav,bay,baysid,bazillion,bbbb,bbq,bbs,bc,bcf,be,beach,bead,beak,bean,bear,bearabl,beard,beast,beat,beaten,beater,beatl,beatnik,beau,beauti,beautiful,bec,becam,bech,beck,beckett,becki,becom,bed,bedazzl,bedbug,bedroom,bee,beef,beefi,beefsteak,beehiv,beer,beet,beforehand,befuddl,beg,began,beggar,begin,beh,behav,behavior,behemoth,behind,behold,behoov,bei,beig,beij,bel,bela,belat,belgian,belgium,beli,belief,believ,believe,bell,bella,bellboy,bellhop,belli,bellini,bellman,belly,belong,belov,belt,belveder,bemoan,ben,bench,bend,bender,bene,beneath,benedict,benefici,benefit,benn,benni,bennie,bent,bentley,bento,ber,berat,berca,bere,berg,berkshir,bern,bernard,bernstein,berri,berserk,besid,bessi,best,bestow,bet,beta,betcha,beth,betsi,betta,better,betty,between,bev,bever,beverag,bewar,beyond,bf,bg,bh,bi,bia,bianco,bias,bib,bibb,bibl,bic,bicker,bicycl,bid,bidder,bie,bien,bier,big,bigey,bigger,biggest,biggi,bii,bik,bike,biker,bikini,bil,bill,billboard,billi,billion,billionair,biloxi,biltmor,bin,bind,bing,bingo,bio,birch,bird,birth,birthday,biscuit,bison,bisqu,bistro,bit,bitch,bitchi,bite,biter,bitter,bittersweet,bitti,biz,bizarr,bj,bl,bla,black,blackberri,blacken,blackjack,blade,blah,blame,blanc,blanch,blanco,bland,blandest,blank,blanket,blare,blas,blast,blaster,blatant,blaze,ble,bleach,bleed,bleep,blend,blender,bless,bleu,blew,blight,blind,blindfold,bling,blini,blink,blintz,bliss,blister,blitz,blizzard,bloat,blob,block,blog,blogger,blogspot,blond,blood,bloodi,bloody,bloom,blossom,blow,blowing,blown,blu,blue,blueberri,bluenos,bluish,blunt,blur,blurb,blurri,blush,blvd,bo,boar,board,boarder,boardroom,boast,boat,bob,bobbi,bobby,bobo,boche,bodega,bodi,bog,boggl,boggling,bogo,bogus,boil,boiled,bok,bokor,bold,boll,bologna,bolognes,bolster,bolt,bomb,bombast,bombay,bomber,bon,bona,bond,bondi,bone,boneless,boney,bong,boni,bonita,bonne,bonnet,bonus,boo,boob,boobi,boogi,book,bookmark,boom,boomer,boone,boost,booster,boot,booth,booti,booty,booz,booze,boozi,bor,border,borderlin,bore,boredom,born,borough,bosh,boss,boston,bostonian,bot,botan,bother,bothersom,bottl,bottleneck,bottom,bottomless,bou,bouc,bought,bouillabaiss,boulder,boule,boulevard,bounc,bouncer,bound,bounti,bourbon,bourguignon,bourk,bours,bout,boutiqu,boutique,bouton,bovin,bow,bowi,bowl,box,boy,boycott,boyd,boyfriend,boyz,bpm,br,brace,brad,bradi,brae,brag,brain,brainiac,brais,brake,bran,branch,brand,brandi,brandon,brandy,bras,brat,bratwurst,brava,brave,bravo,bray,brazen,brazil,brazilian,brazillian,bre,bread,breadcrumb,breading,breadth,break,breakdown,breaker,breakfast,breaki,breaks,breakthrough,bream,breast,breath,breather,breathless,breathtak,bree,breed,breen,breez,breezi,brenda,brendan,brent,brew,breweri,bri,brian,briand,brianna,bribe,brick,bridal,bride,bridesmaid,bridg,brie,brief,briefli,brien,brigad,bright,brighten,brighter,brightman,brilliant,brim,brin,brine,bring,brini,brink,brinker,briny,briquet,bris,brisk,brisker,brisket,bristl,britch,brite,british,britney,britt,brittani,brittl,bro,broad,broadcast,broader,broadway,broc,broccoli,broil,broiler,broke,broken,brontosaurus,bronx,bronzino,brook,brooklyn,bros,brot,broth,brother,brought,brow,brown,browni,brownish,brows,bru,bruch,bruis,brule,brulee,brunch,brunett,bruno,brus,brush,brusqu,brussel,brutal,bryce,bso,bst,bt,btw,bu,bubba,bubbl,buch,buck,bucket,buckl,bud,budd,buddha,buddi,buddy,budg,budget,budweis,budweiser,bueller,buen,buena,bueno,buff,buffalo,buffer,buffet,buffett,bug,bugger,buggi,build,built,bul,bulb,bulk,bull,bullet,bulli,bulls,bullshit,bum,bummer,bump,bumper,bun,bunch,bund,bundl,bunk,bunker,bunni,bunt,bur,burberri,burden,burg,burger,buri,burk,burlap,burlesqu,burn,burner,burnt,burr,burrito,burro,burst,bus,busboy,buse,bush,busi,busier,busiest,businessman,buss,bust,busta,buster,bustl,but,butcher,butt,butter,butterfli,butteri,buttermilk,butternut,butterscotch,button,buu,bux,buxton,buy,buyer,buzz,buzzer,bx,by,bye,bygon,bypass,bystand,ca,cab,cabana,cabbag,cabbi,cabernet,cabeza,cabin,cabinet,cabl,cabo,caccia,cach,cachet,cactus,cad,caddi,cadillac,cae,caesar,cafe,cafeteria,caffein,cage,cahoot,cai,caitlin,cajun,cak,cake,cal,cala,calcul,caldron,cale,calendar,cali,calib,calibr,california,californian,call,calm,calori,calv,calvin,calzon,cam,cama,camaro,cambia,came,camel,cameo,camera,camino,camp,campbel,camper,campfir,campus,can,canada,canadian,canal,cancel,cancer,cancu,candi,candic,candl,candlelit,candlestick,cane,canelo,caniqu,cannoli,cannot,cano,canon,canopi,cant,cantaloup,canteen,canter,canton,cantones,cantor,canuck,canva,canyon,cao,cap,capabl,capac,cape,caper,capit,capo,capoeira,capon,cappuccino,capsul,capt,captain,captiv,captur,car,cara,caraf,caramel,caravaggio,caraway,carb,carbohydr,carbon,carbonara,carcass,card,cardboard,cardin,care,career,careless,cari,carib,caribbean,carl,carlito,carlo,carlton,carmel,carmen,carmin,carn,carnag,carnav,carne,carniv,carnival,carnivor,caro,carol,carolin,carolina,caron,carousel,carp,carpet,carr,carri,carrot,carrow,carryout,carsick,cart,cartier,cartilag,carton,cartoon,caruso,carv,carver,cas,casa,casanova,cascad,case,casey,cash,cashew,cashier,casino,casio,cassandra,cassava,casserol,cassino,cast,castl,castro,casual,cat,catch,catcher,categor,categori,cater,catergori,caterpillar,catfish,catherin,cathi,cathol,cato,catsup,cattl,caucasian,caught,cauliflow,cauliflower,caus,causal,caution,cautious,cava,cavanaugh,cave,caveat,caveman,cavern,caviar,cay,cayenn,cb,cbs,cc,cca,ccc,cci,ccw,cd,cdc,ce,cea,ceas,cease,ceb,ceil,celebr,celebrity,celeri,celest,celiac,celin,cell,cellar,cellophan,cellphon,cellular,cement,cena,cent,centenni,center,centimet,centiped,centr,central,centuri,centurion,cer,ceram,cereal,ceremoni,certain,certainti,certif,certifi,ces,cesar,cet,cevich,ceviche,cf,cfc,ch,cha,chad,chado,chagrin,chai,chain,chair,chais,chakra,chalk,challeng,cham,chamb,chamber,chameleon,champ,champagn,champaign,chan,chanc,chand,chandeli,chandler,chanel,chang,changeov,changer,channel,chant,chao,chaotic,chap,chapel,chapman,chapter,char,charact,characterist,charcoal,chard,chardonnay,charg,charger,charisma,charit,chariti,charl,charleston,charli,charlie,charm,chart,chase,chat,chateau,chateaus,chatter,chatti,chau,chauffeur,chav,chay,che,cheap,cheapen,cheaper,cheapest,cheapli,cheat,check,checker,checklist,checkout,ched,cheddar,chee,cheek,cheeki,cheep,cheer,cheeri,chees,cheese,cheeseburg,cheesecak,cheesesteak,cheesi,cheesiest,chef,chel,chelsea,chemic,chen,cher,cheri,cherish,cherri,cheryl,chess,chest,chester,chestnut,chet,chew,chewi,chewier,chewing,chi,chia,chic,chica,chicago,chich,chick,chicken,chickpea,chide,chief,child,childhood,childish,children,chile,chilean,chili,chill,chilli,chime,chin,china,chinatown,chines,chino,chintzi,chip,chira,chit,chive,chlorin,cho,chock,choco,chocol,chocolat,chocolate,choi,choic,choir,choke,cholula,chomp,choo,choos,chooser,chop,chops,chopstick,chor,chore,choreograph,choreographi,chorizo,chorus,chose,chosen,chow,chowder,chris,christ,christa,christi,christian,christin,christina,christma,christo,christoph,chrome,chronicl,chronolog,chrysanthemum,chten,chu,chuan,chuck,chuckl,chug,chun,chunk,chunki,chur,church,churchil,churn,churro,chut,chutney,ci,cia,ciabatta,ciao,cici,cider,cie,cig,cigar,cigarett,cilantro,cin,cinch,cinco,cinnabon,cinnamon,cino,cio,circa,circadian,circl,circuit,circul,circular,circumst,circus,cirqu,cite,citi,citizen,citrus,city,cityscap,ciudad,civic,civil,civilian,ck,cken,cl,clad,claim,clair,clam,clamor,clang,clank,clap,clarif,clarifi,clarion,clariti,clark,clarkson,clash,class,classi,classic,classier,classiest,classifi,classiqu,classless,classmat,classroom,claudia,claustrophob,claw,clay,clean,cleaner,cleanest,cleanli,cleans,cleanser,clear,cleavag,clerk,cleveland,clever,clich,click,client,clientel,clientele,cliff,climat,climax,climb,cling,clink,clint,clip,clo,cloak,clock,clockwork,clog,clone,clooney,clos,close,closer,closest,closet,closur,cloth,cloud,cloudi,clove,clover,clown,cloy,cloying,club,clue,clueless,clump,clunker,clunki,cluster,clutch,clutter,clyde,cm,cn,cnn,co,coa,coachella,coal,coars,coast,coaster,coat,coax,cob,cobb,cobbler,cobbleston,cobi,coca,cochin,cock,cocki,cockroach,cocktail,coco,cocoa,coconut,cod,coddl,code,codger,codi,coffe,coffee,coffin,cognac,coher,cohl,cohort,coif,coin,coinag,coincid,coincident,coitus,coke,col,cola,colbi,cold,colder,coldest,coldplay,cole,coleslaw,coli,coll,collabor,collag,collaps,collar,collard,colleagu,collect,collector,colleg,colli,collid,collin,colo,color,colorado,coloss,colour,column,com,coma,comatos,comb,combat,combin,combo,come,comeback,comedi,comedian,comer,comerica,comfi,comfort,comic,command,commenc,commend,commensur,comment,commentari,commenter,commerci,commit,commod,common,commot,commun,communal,communic,communion,communiti,commut,como,comp,compact,compani,companion,company,compar,comparison,compass,compassion,compat,compel,compens,compet,competit,competitor,compil,complac,complain,complaint,complement,complementari,complet,complex,complexion,compli,compliant,complic,compliment,complimentari,compliments,compon,compos,composit,compost,compot,comprehend,comprehens,compris,compromis,compuls,comput,comrad,con,concentr,concept,concern,concert,concierg,concis,conclud,conclus,concoct,concomit,concret,concur,condens,condescend,condiment,condit,condition,condom,condon,conduc,conduct,cone,conf,confection,confederaci,confer,confess,confetti,confid,configur,confirm,conflict,conform,confront,confus,congeal,congest,conglomer,congratul,congratulatori,congress,conjoin,conjunct,conjur,conn,connect,connecticut,connector,conner,conneri,connoisseur,connor,conquer,conquest,conscienti,conscious,consecut,consensus,consent,conserv,conservatori,consid,consider,consist,consol,consolid,consomm,conspiraci,const,constant,constitut,constrain,constraint,constrict,constru,construct,consult,consum,consumpt,cont,contact,contagi,contain,contamin,contempl,contemporari,contempt,contemptu,contend,content,contest,context,conti,continent,continu,contract,contradict,contradictori,contrari,contrarian,contrast,contribut,contriv,control,conveni,convent,convention,convers,convert,convey,convinc,convivi,coo,cook,cookbook,cooker,cooki,cool,cooler,coolest,coop,cooper,coor,coordin,cop,cope,copi,copious,coppa,copper,copperfield,coq,cor,cora,coral,cord,cordial,cordon,core,corey,cori,coriand,corinn,cork,corkscrew,corn,cornbread,corner,cornerston,cornflak,corni,cornmeal,cornstarch,corona,corp,corpor,corral,correct,correspond,corridor,corrupt,cors,corsi,cort,cos,cosmet,cosmo,cosmopolitan,cosmos,cost,costa,costlier,costum,costume,cot,cotta,cottag,cotton,couch,cougar,cough,coul,could,couldnt,counsel,count,counter,counterpart,counterpoint,counti,countless,countri,country,coup,coupl,coupon,cour,courag,cours,court,courteous,courtesi,courthous,courtney,courtyard,cous,couscous,cousin,cover,coverag,covert,cow,cowboy,cowgirl,cowork,coyli,cozi,cozier,cp,cr,crab,crabbi,crack,cracker,crackl,cradl,craft,crafti,craftsmanship,crag,cram,cramp,cranberri,crane,crank,cranki,cranni,crap,crappi,crappiest,crash,crass,crate,crave,crawfish,crawford,crawl,crawler,cray,crayfish,crayola,crayon,craze,crazi,crazier,craziest,creak,cream,creamer,creameri,creami,creamier,creamiest,creams,creat,creation,creativ,creator,creatur,credenti,credit,creed,creek,creep,creepi,creepier,crema,creme,crepe,cresc,crescendo,crest,crestfallen,crew,cri,crib,crick,cricket,crime,crimin,cring,crinkl,crippl,crisp,crisper,crispi,crispier,crispin,crispli,cristina,cristo,criteria,critic,critiqu,critter,cro,crock,crocodil,croissant,cromwel,crook,croquett,cross,crouton,crow,crowd,crowed,crown,crud,crude,cruis,crumb,crumbl,crump,crunch,crunchi,crush,crust,crusti,cruz,cry,crystal,ctw,cu,cuando,cub,cuban,cubano,cube,cucumb,cuddl,cue,cui,cuisin,cuk,culinari,cultur,culver,cumin,cumulus,cun,cup,cupcak,cur,curator,curd,curdl,cure,curios,curious,curl,currant,currenc,current,curri,curs,curt,curtain,curti,curv,curvi,cus,cushi,cushion,cuss,custard,custodian,custom,customari,customiz,cut,cutback,cute,cuter,cutesi,cutest,cuti,cutleri,cutlet,cutoff,cutter,cvs,cw,cy,cycl,cyclist,cz,czk,da,daa,dab,dabbl,dad,daddi,daddy,dah,daiko,daili,daiquiri,dairi,daisi,dakota,dali,dalla,dalli,dam,damag,damien,damm,damn,damon,damp,dampen,damper,dan,danc,dancer,dando,dang,danger,dangl,dani,daniel,danish,dank,danni,danvill,dar,dara,dare,dark,darken,darker,darl,darlen,darn,darnedest,darth,das,dash,dashi,dat,data,date,daughter,daunt,dauphin,dave,davi,david,daw,dawn,day,daydream,daylight,daytim,daz,daze,dazzl,dazzle,dd,ddd,dddd,dddddd,ddl,de,dead,deadliest,deaf,deafen,deal,dealer,dealership,dealt,dean,dear,dearest,death,deathb,debat,debaucheri,debbie,debit,debra,debussy,dec,decad,decaf,decant,decatur,decay,deceit,deceiv,deceiving,decemb,decenc,decent,decept,decid,deciph,decis,deck,declar,declin,deco,decommiss,decompress,deconstruct,decor,decorum,decreas,dedic,deduct,dee,deem,deep,deeper,deepli,deer,deez,def,default,defeat,defend,defens,defer,defi,defiant,defici,defin,defina,define,definet,definit,definite,deform,defraud,defray,defrost,deft,degrad,degre,dehydr,deir,deiti,dek,del,delano,delay,delect,delectable,delectation,deleg,delet,delf,delgado,deli,deliber,delic,delicaci,delici,delight,delightful,deliri,delis,deliv,deliveri,dell,della,delmonico,delson,delta,delux,delv,dem,demand,demean,demeanor,demi,demis,demo,demograph,demolish,demon,demonstr,demor,den,deni,denim,deniro,denis,denni,denny,denomin,dens,densiti,dent,dentist,dentistri,dentur,denver,depart,departur,depend,deploy,deposit,depot,depress,depriv,depth,der,derbi,derek,deriv,derrick,des,descend,descent,describ,descript,desert,deserv,deserving,desi,design,desir,desk,despair,desper,despis,despit,despot,dessert,destin,destini,destroy,destruct,det,detach,detail,detect,deter,deterior,determin,deterr,detest,dethron,deton,detour,detract,detractor,deux,dev,devast,develop,devianc,deviat,devic,devil,devin,devis,devo,devoid,devot,devote,devour,dew,dhs,di,dia,diabet,diablo,diagon,dial,dialect,diamet,diamond,diamondback,dian,diaper,diarrhea,dibley,dice,dicey,dick,dicker,dickey,dicki,dictat,didnt,dido,die,diego,diem,dien,diet,dietari,diferent,diff,differ,differenti,differnt,difficult,difficulti,dig,digest,digg,digit,digress,dijon,dilemma,dilig,dill,dilut,dim,dime,dimens,dimension,diminish,dimmer,dims,din,dina,dinara,dine,diner,dinett,ding,dingi,dinki,dinner,dino,dio,dion,dior,dip,dipper,dire,direct,director,directori,dirk,dirt,dirti,dirtiest,disabl,disagre,disappear,disappoint,disapprov,disarray,disassembl,disast,disbelief,discard,discern,disciplin,disclaim,disclos,disclosur,disco,disconnect,discothequ,discount,discourag,discov,discoveri,discredit,discreet,discrep,discrimin,discuss,disench,disengag,disgrac,disgruntl,disguis,disgust,dish,dishevel,dishwash,dishwat,disintegr,dislik,dismal,dismay,dismiss,disney,disneyland,disorgan,disp,disparag,dispatch,dispens,display,displeas,dispos,disproportion,disregard,disrepair,disrespect,disrupt,diss,dissatisfact,dissatisfi,dissect,dissent,disservic,dissip,dissolv,dissuad,dist,distanc,distant,distast,distend,distinct,distinguish,distract,distraught,distress,distribut,distributor,district,distrust,disturb,dita,ditch,diva,dive,diver,divers,divert,divid,divin,diy,dizzi,djs,dk,dl,dmx,dna,do,doabl,dobbi,dobson,doc,dock,doctor,doctrine,document,dod,dodg,dodger,doe,does,doesnt,dog,dogfish,doggi,dolc,doll,dollar,dollop,dolo,dolphin,dom,dome,domest,domicil,domin,dominican,dominiqu,donald,donat,done,donkey,donner,dont,donut,doodl,doom,door,doorman,doorway,dop,dope,doppelgang,dor,dora,dorado,dori,dorm,dorsey,dort,dos,dose,dot,doubl,doubt,douce,douche,doug,dough,doughi,doughnut,dous,dover,dow,down,downer,downfal,downgrad,downhil,download,downright,downsid,downstair,downtown,downturn,downward,doze,dozen,dr,dra,drab,draco,draft,drag,dragon,drain,drake,dram,drama,dramat,drank,drape,draper,draperi,drastic,draw,drawback,drawer,drawl,drawn,dre,dread,dreadlock,dream,dreami,dreams,dree,drench,dress,dresser,dressi,drew,dri,drier,drift,drink,drinkabl,drinker,drip,drive,driven,driver,driveway,drizzl,drone,drool,droop,droopi,drop,dropout,drought,drove,drown,drub,drug,drum,drummer,drumstick,drunk,drunkard,drunken,dry,dryer,dryness,ds,dsm,dt,dtl,du,dual,dub,dubai,dubious,duck,ducki,duckl,dud,dude,due,duet,dug,duh,dui,duke,dulc,duli,dull,dumb,dumber,dumbest,dummi,dump,dumpi,dumpl,dumpster,dune,dung,dungeon,dunk,dunno,duo,duplic,dur,durango,durant,durat,durch,dure,durr,dusk,dust,dusti,dutch,duti,duvet,dvr,dw,dwarf,dwell,dweller,dwindl,dy,dylan,dynam,dynamit,dynasti,dysfunct,dz,each,eager,eagl,ear,eardrum,earhart,earl,earli,earlier,earliest,earlob,earn,earring,earth,earthbound,earthi,eas,eash,easi,easier,easiest,easili,east,easter,eastern,easton,eat,eatabl,eaten,eater,eateri,eben,ec,ecce,eccentr,echelon,echigo,echo,eck,eclect,eclips,eco,econom,economi,ecosystem,ecstasi,ecstat,ect,eczema,ed,edam,edc,edda,eddi,edema,edg,edgi,edibl,edict,edific,edison,edit,edith,edo,eduardo,educ,ee,eee,eeee,eeeee,eeeeee,eek,eel,eem,eeri,eez,ef,eff,effect,effici,effort,effortless,effus,eg,egg,egger,eggplant,eggs,ego,egregi,egyptian,eh,ei,eiffel,eight,eighth,ein,eine,einstein,eisen,either,ejacul,eject,ek,el,ela,elabor,elast,elat,elbow,elder,elderberri,elect,electr,electrician,electrifi,electron,eleg,element,elementari,eleph,elev,eleven,elf,elicit,elig,elimin,elin,eling,elisha,elit,elitist,elizabeth,elk,ell,ella,elle,ellen,elli,ellie,ellyn,elm,elmo,elo,elocut,els,else,elsewher,elton,elvi,elvira,elvis,em,emaci,email,eman,emanuel,emb,embark,embarrass,embassi,embed,embodi,emboss,embrac,emerald,emerg,emeril,emili,emma,emment,emo,emot,emp,empath,empathi,emperor,emphas,emphasi,empir,employ,employe,emporium,empti,emul,emuls,en,ena,enabl,enamor,encas,enchilada,enclav,enclos,encompass,encor,encount,encourag,encyclopedia,end,endang,endear,endeavor,endless,endo,endors,endur,ene,enemi,energ,energet,energi,enforc,enga,engag,engin,england,english,enhanc,eni,enjoy,enlarg,enlighten,enn,eno,enorm,enough,enriqu,ense,enslav,ensu,ensur,ent,entail,enter,enterpris,entertain,enthus,enthusiasm,enthusiast,entic,entir,entireti,entiti,entitl,entourag,entr,entranc,entrant,entre,entree,entrepreneur,entri,entrust,envi,envious,environ,environment,envis,enz,eo,ep,epe,epic,epidem,epidermi,episod,epitom,epp,equal,equat,equi,equip,equival,er,era,ere,eri,eric,erica,erick,erie,erik,erin,erm,ern,ero,err,errand,erron,error,erst,erstwhil,erupt,es,esau,esc,escal,escap,escar,escort,ese,eski,esl,eso,esoter,esp,especi,especial,esplanad,espn,espresso,esqu,ess,essen,essenc,essenti,essex,est,establish,estat,estim,estrang,estrella,et,eta,etc,etcetera,etch,etern,ethel,ether,ethic,ethiopian,ethnic,etiquett,etta,etv,eu,eunic,euphor,euphoria,eur,eureka,euro,europ,european,eus,eux,ev,eva,eve,even,event,eventu,ever,everest,everi,every,everybodi,everybody,everyday,everyon,everyth,everything,everytim,everywher,evi,evian,evid,evil,evo,evoc,evok,evolut,evolv,ew,ewe,ewen,ex,exact,exagger,exampl,exasper,excalibur,exceed,excel,except,excess,exchang,excit,exclaim,exclud,exclus,exclusion,excruci,excurs,excus,exe,exec,execut,exemplari,exemplifi,exercis,exert,exhaust,exhibit,exist,existenti,exists,exit,exoner,exorbit,exot,exp,expand,expans,expect,expedi,expedit,expens,expense,experi,experienc,experiment,expert,expertis,expir,expire,explain,explan,explic,explicit,explod,exploit,explor,explos,expo,exponenti,expos,exposur,expr,expreso,express,exquisit,ext,extend,extens,extent,exterior,extermin,extern,extra,extract,extraordinari,extraordinarili,extravag,extravaganza,extrem,exud,ey,eye,eyebal,eyelash,ez,ezo,ezone,fa,faa,fab,fabul,fac,facad,face,facebook,faceless,facelift,facial,facil,facilit,fact,factor,factori,fade,faff,fah,fahrenheit,fail,failur,faint,fair,fairfax,fairi,faith,fake,fal,falco,fall,fallen,fals,falter,fam,fame,famer,famili,familia,familiar,family,famish,famoso,famous,fan,fanat,fanci,fancier,fanciest,fanfar,fanta,fantas,fantasi,fantasia,fantasm,fantast,fantastic,far,fare,farewel,fargo,farm,farmer,farmhous,farro,fart,farther,farthest,fascin,fashion,fashioned,fast,faster,fastest,fat,fatboy,fate,fath,father,fathom,fatigu,fatima,fatten,fatti,fattiest,faucet,fault,fausto,faux,fava,fave,favor,favorit,favour,favourit,fax,fb,fe,fear,feast,feat,feather,featur,feb,februari,fed,fedex,fee,feed,feedback,feel,feet,fei,feign,feijoa,felicia,felip,fell,fella,fellow,felt,femal,fen,fenc,fend,feni,fennel,fer,ferment,fernando,ferrari,ferri,fes,fess,fest,festiv,fet,feta,fetch,fett,fettuccin,fever,feverish,few,fewer,ff,ffc,ffff,fi,fia,fianc,fiance,fiasco,fid,fide,fidel,fidget,field,fiend,fier,fierc,fieri,fiesta,fifa,fifteen,fifth,fifti,fig,fight,fighter,figur,figurin,fiji,fil,fila,file,filet,filipino,fill,filler,fillet,film,filter,filthi,filtrat,fin,finagl,final,finale,financ,financi,find,fine,finer,finest,fing,finger,fingertip,finish,finit,finn,fior,fiori,fir,fire,firearm,firebal,fireplac,firesid,fireston,firework,firm,firmer,first,firsthand,fish,fishbowl,fisherman,fishermen,fishi,fishmong,fist,fit,fitzgerald,five,fiver,fix,fixabl,fixe,fixtur,fizz,fj,fk,fl,flab,flabbergast,flabbi,flac,flacco,flag,flagship,flagstaff,flair,flak,flake,flaki,flamboy,flame,flaming,flamingo,flan,flank,flare,flash,flashback,flashi,flashlight,flat,flatbread,flatiron,flatten,flaunt,flavor,flavorless,flavour,flaw,flawless,fleck,fleme,flesh,fleshi,flew,flexibl,fli,flick,flicker,flight,flimsi,flintston,flip,flipper,flirt,float,floater,flock,flood,floor,flop,floppi,flora,floral,florentin,florida,floss,flour,flow,flower,flown,flu,fluctuat,fluent,fluf,fluff,fluffer,fluffi,fluffier,fluid,fluke,flung,flush,fluster,flute,flyer,flys,fo,foam,foami,fob,foc,focus,fog,fogo,foi,foil,fol,fold,folia,foliag,folio,folk,folklor,follow,fond,fonder,fondu,font,fontana,foo,food,fool,foolish,foosbal,foot,footag,footbal,footnot,footstep,for,forbidden,forc,fore,forearm,forefront,forego,foreign,foreman,foremost,foresight,forest,forev,forever,forevermor,forewarn,forfeitur,forgav,forget,forgett,forgiv,forgive,forgiven,forgot,forgotten,fork,form,formal,format,former,formula,forsaken,fort,forth,forti,fortifi,fortitud,fortuit,fortun,forum,forward,foster,fot,foto,fought,foul,found,fount,fountain,four,fourth,fox,foyer,fr,fra,fraction,fragrant,frail,frame,fran,franc,franchis,francisco,franco,frank,franken,frankenstein,franklin,fransisco,frantic,fraser,frat,fraud,fraudul,fray,frazzl,fre,freak,freaki,freakish,fred,free,freebe,freebi,freeli,freestand,freestyl,freewheel,freez,freezer,frei,freien,fremont,french,frenzi,frequent,fresco,fresh,freshen,fresher,freshest,freshmen,freshwat,fresno,fret,fri,frick,frida,friday,fridg,fried,friend,friendli,friendlier,friendliest,friends,friendship,frigg,frigid,frik,frill,frisco,frito,fritter,frivol,fro,frog,frogger,front,frontier,frost,frosti,froth,frothi,frown,frowni,frozen,fru,frugal,fruit,fruiti,frumpi,frustrat,fry,fryer,ft,fu,fuchsia,fuck,fucker,fudd,fudg,fue,fuel,fuent,fuji,ful,fulfil,full,fuller,fullest,fulli,fum,fume,fun,function,fund,fundament,fung,fungi,funhous,funk,funki,funn,funnel,funni,funnier,fur,furious,furnish,furnitur,furthermor,fuse,fusion,fuss,fussi,futur,fuzzi,fv,fw,fyi,ga,gab,gaba,gabi,gabl,gabriel,gaelic,gag,gaga,gage,gaggl,gah,gai,gain,gal,gala,galaga,galerie,galleri,galley,gallo,gallon,galor,gam,gambit,gambl,gamble,gambler,game,gameplay,gamer,gamey,gami,gamut,gan,gana,gang,gangsta,gao,gap,gar,garag,garb,garbag,garden,gargantuan,garlic,garlicki,garment,garner,garnish,garth,gas,gasolin,gasp,gastric,gastronom,gat,gate,gather,gatsbi,gau,gauch,gaucho,gaudi,gaudiest,gaug,gauntlet,gaur,gav,gave,gawk,gawker,gay,gaze,gazebo,gazillion,gb,gc,ge,gear,geb,ged,gee,geek,geeki,gees,geez,gel,gela,gelatin,geld,gem,genc,gender,gene,general,generat,generic,generos,generous,genesi,genial,genitalia,genius,geno,genocid,genr,gent,gentl,gentleman,gentlemen,gentler,genuin,geo,geographi,georg,georgi,georgia,georgina,ger,gerd,gere,geriatr,germain,german,gerri,ges,gestur,get,getaway,gf,gfs,gg,gh,ghetto,ghost,ghostbust,ghq,gi,gia,giada,gian,giant,giddi,gier,gift,gigant,giggl,gii,gilbert,gill,gilli,gilly,gilt,gimm,gimmick,gimmicki,gina,ginger,gir,giri,girl,girlfriend,girlz,girth,gist,give,giveaway,given,glad,glam,glamor,glamour,glanc,gland,glare,glass,glasswar,glau,glaze,glendal,glimps,glisten,glitch,glitter,glitz,glitzi,glob,global,globe,globul,glop,glori,glorifi,glorious,gloss,glossi,glove,glow,glu,gluey,gluten,glutin,glutton,gluttoni,gmo,gmt,gnar,gnat,gnaw,gnome,go,goal,goali,goat,gob,gobbl,goblet,god,goddam,goddamn,goddess,godfath,godforsaken,godiva,goe,goer,going,gold,golden,golf,golfer,gon,gona,gondal,gondola,gondoli,gone,gonna,gonzalez,goo,good,goodby,goodi,goodwil,gooey,goof,goofi,googl,google,gooier,goos,goosebump,gora,gordi,gordo,gordon,gordy,gorg,gorgeous,gorgonzola,gori,gosh,gossip,got,goto,gotta,gotten,gotti,gottlieb,gouda,goug,gourmand,gourmet,gout,govern,gown,goya,gps,gr,gra,grab,grace,gracious,grad,grade,gradual,graduat,graffiti,graham,grain,graini,gram,gran,granari,grand,granddaught,grander,grandest,grandeur,grandfath,grandios,grandma,grandmoth,grandpa,grandpar,granit,granni,granola,grant,granular,grape,grapefruit,grapevin,graph,graphic,gras,grasp,grass,grasshopp,grassroot,grate,grati,gratin,gratuiti,grave,gravel,gravi,gravit,gray,graze,grazi,grb,gre,greas,greasi,greasier,great,greater,greatest,grecian,greec,greedi,greedili,greek,green,greeneri,greenwood,greet,greg,gregari,gregg,gregori,gren,grenad,gres,gret,grew,grey,greyhound,gri,griddl,gridlock,grief,grievanc,grill,grille,grim,grime,grin,grind,grinder,gringo,grip,gripe,gris,grisli,gristl,grit,gritti,grizzli,gro,grocer,groceri,groom,groovi,gross,grossli,grouchi,ground,groundbreak,group,grouper,grout,grove,grow,grower,growl,grown,grownup,growth,grp,grub,grubbi,grudg,grumbl,grumpi,grung,grungi,grunt,gruy,gt,gu,gua,guacamol,guadalajara,guarante,guard,guava,gucci,guerilla,guero,guess,guest,guet,guggenheim,guid,guidanc,guidelin,guido,guillermo,guilt,guilti,guiltili,guin,guitar,gul,gulf,gullet,gulp,gum,gumbo,gummi,gummiest,gun,gunk,guro,guru,gus,gush,gust,gusto,gut,gutter,guy,gw,gx,gy,gyllenha,gyllenhaal,gym,gymnast,gyoza,gyro,gyu,gz,ha,haa,haag,hab,haben,haber,habit,habitu,hack,had,hag,hagar,hagen,hah,hai,hail,hailey,hair,haircut,hairdress,hairi,hairless,hak,hakkas,hal,halal,half,halfway,halibut,hall,hallelujah,halloween,hallucin,hallway,halo,halt,halv,ham,hamburg,hammer,hampshir,hampton,han,hana,hand,handcuf,handcuff,handheld,handi,handicap,handl,handmad,handsom,handwritten,hang,hangar,hanger,hangout,hangov,hank,hanker,hano,hap,haphazard,happen,happi,happier,happiest,happili,har,hara,harass,harbor,hard,hardcor,harden,harder,hardest,hardi,hardwar,hardwood,hardwork,harley,harm,harmon,harmoni,harp,harri,harrington,harrow,harsh,hart,haru,harvest,harvey,has,hash,hassl,hast,hastili,hat,hatch,hate,hater,hau,haul,haunt,hauteur,hava,have,haw,hawaii,hawaiian,hawk,hay,haystack,hazard,haze,hazel,hazelnut,hb,hbo,hdl,hdmi,hdtv,he,head,headach,headlin,headphon,headset,headwait,heal,health,healthcar,healthi,healthier,healthiest,heap,hear,heard,heart,heartbeat,heartbreaking,heartbroken,heartburn,hearted,hearth,hearti,heartier,heartili,heat,heater,heathen,heather,heaven,heavi,heavier,heavili,hebrew,heck,heckl,hectic,heel,heft,hefti,heh,heidi,height,heighten,heineken,heir,heirloom,heist,hel,held,hele,helicopt,helix,hell,hellman,hello,helm,help,helper,hem,hen,henc,henceforth,henderson,hendrick,her,herb,herbac,herbivor,herd,here,heren,heritag,hern,hernan,hero,heroic,herr,herring,hesit,hett,hew,hey,heyday,hg,hgt,hh,hi,hiatus,hibiscus,hiccup,hick,hickori,hid,hidden,hide,hideaway,hideous,hier,high,highbal,highchair,higher,highest,highlight,highway,hikari,hike,hil,hilari,hill,hillcrest,hilton,him,himmel,hinder,hindsight,hing,hint,hio,hip,hippi,hippo,hipster,hir,hira,hire,his,hispan,histor,histori,hit,hitch,hitchcock,hive,hlen,hler,hm,hmm,hmmm,hn,ho,hoagi,hoard,hoarder,hob,hobbi,hobbit,hoc,hocken,hockey,hodgepodg,hoe,hog,hoh,hoi,hoist,hokey,hokkaido,hol,hold,holder,hole,holi,holiday,holiest,holl,hollandais,holler,holli,holly,hollywood,holm,hologram,holstein,holt,holy,hom,hombr,home,homeless,homemad,homer,homestead,hometown,homework,homey,homi,homini,homme,homo,homosexu,hon,honest,honesti,honey,honeycomb,honeydew,honeymoon,hong,honor,honour,hoo,hood,hoof,hook,hookah,hooker,hookup,hoop,hoopla,hooray,hoot,hooter,hoover,hop,hope,hopeless,hopp,hor,hora,horch,horizon,horn,hornet,horrend,horribl,horrid,horrif,horrifi,horror,hors,horseradish,horsesho,hos,hospit,host,hostess,hostil,hot,hotdog,hotel,hothous,hotspot,hotter,hottest,hound,hour,hous,house,household,housekeep,housem,housew,houston,hover,how,howard,howev,howi,hoy,hp,hr,hrer,hrs,ht,html,http,https,hu,huang,hub,hubbi,hubby,hubcap,hud,huddl,hue,huey,huf,huffi,hug,huge,hugh,huh,hul,hulk,hum,human,humbl,humble,humboldt,humid,humidifi,humili,hummer,hummus,humong,humor,hump,humung,humus,hun,hunch,hundr,hundredth,hung,hunger,hungov,hungri,hungrier,hunk,hunker,hunt,hunter,huntsman,hurl,hurri,hurrican,hurt,hus,husband,hustl,hut,hwan,hyatt,hybrid,hyde,hydrat,hygien,hyp,hype,hyper,hyperbol,hypnot,hypo,hypoallergen,hyster,hz,iam,ian,ibi,ibt,ic,ica,icc,ice,iceberg,icecream,ich,ichi,ici,ick,icki,icon,ict,icu,id,ida,idaho,idea,ideal,ident,identif,identifi,ideolog,idiot,ido,idyl,ie,ien,iero,iet,if,iff,iffi,ig,iggi,ignit,ignor,ihm,ihop,ii,iii,iiii,ija,ike,ikea,iki,il,ill,ille,illi,illicit,illiter,illumin,illus,illustr,im,imag,imagin,imam,imbed,imber,imit,immacul,immedi,immens,immers,immigr,imo,impact,impair,impart,impati,impe,impecc,impend,imper,impercept,imperi,imperson,implement,impli,implod,implor,impolit,import,important,impos,imposs,impress,impromptu,improp,improv,improvis,in,inabl,inaccur,inappropri,inari,inasmuch,inattent,inaud,inauspici,inc,incap,incent,incess,inch,incid,incident,inclin,includ,inclus,incom,incompar,incompet,incomplet,inconsider,inconsist,inconspicu,inconveni,inconvenienc,incorpor,incorrect,increas,incred,incredul,incur,inde,indecis,independ,indescrib,index,india,indian,indiana,indic,indigest,indispos,indistinguish,individu,indo,indonesian,indoor,induc,indulg,industri,inebri,ined,ineffici,inevit,inexcus,inexpens,inexperienc,infant,infatu,infecti,infer,inferior,infest,infin,infinit,infinitum,inflat,inflect,influenc,influx,info,inform,infuri,infus,ing,ingeni,ingenu,ingest,ingrain,ingredi,inhabit,inhal,inher,initi,inject,injuri,injustic,ink,inki,inn,innard,innate,inner,innoc,innov,inordin,inpati,input,inquir,inquiri,inquisit,insan,insect,insert,insid,insight,insignific,insist,inspect,inspir,insta,instal,instanc,instant,instead,instinct,institut,instruct,instrument,insult,insur,insurrect,intact,integr,intellig,intend,intens,intent,interact,interest,interfer,interieur,interior,interject,interlop,intermediari,intermin,intern,internet,interperson,interpret,interraci,interrog,interrupt,intersect,intertwin,interv,interven,intervent,interview,intestin,intim,intimid,intimidating,intoler,intox,intric,intrigu,intro,introduc,introduct,intrud,intrus,intuit,inund,invad,invalu,invari,invas,invent,inventori,inver,invers,invest,investig,investor,invis,invit,involv,io,ioan,ioc,iommi,ion,iowa,ip,ipa,ipad,iphon,ipo,ipod,ipx,ir,irat,iren,iri,irish,irk,irl,iron,irrate,irregular,irrelev,irresist,irrespons,irrevers,irrit,iru,is,isabela,isabella,ischen,ish,isha,ishi,isl,isla,island,isnt,isol,isra,issu,istanbul,iste,it,itali,italia,italian,itch,itchi,item,itinerari,itti,itty,itz,ius,iut,iv,ivan,ive,ivi,ivori,iw,iwai,ix,iy,iz,izz,izzi,jab,jac,jack,jacka,jackass,jacket,jacki,jackpot,jackson,jacob,jacobson,jade,jai,jail,jak,jake,jal,jalape,jalisco,jam,jamaal,jamaican,jamb,jame,jameson,jami,jan,jane,janitor,januari,japan,japanes,jape,jaqu,jar,jare,jarring,jasmin,jason,jassen,java,javier,jaw,jaywalk,jazzi,jb,jd,je,jealous,jean,jeanni,jeb,jed,jeez,jef,jeff,jefferson,jell,jelli,jello,jellyfish,jem,jen,jenni,jennif,jer,jeremi,jerk,jerki,jerri,jersey,jess,jessica,jesus,jet,jethro,jewel,jewelri,jewish,jey,jg,ji,jian,jillian,jim,jimmi,jingl,jinx,jiu,jk,jo,joann,joanna,joaquin,job,jock,joe,joel,joey,jogger,johansson,john,johnni,johnson,join,joiner,joint,joist,jojo,joke,joker,jol,jolla,jolli,jolt,jon,jonathan,jonathon,jone,jong,joo,jordan,jorg,jose,joseph,josh,josi,jostl,jou,journal,journey,joust,joy,joystick,jpg,jpn,jr,js,juan,judg,judgement,judgment,jug,juggernaut,juggl,juggler,juic,juice,juici,juiciest,juke,juku,jul,julep,juli,julia,julian,julienn,julio,julius,jumba,jumbl,jumbo,jump,jumper,jumpsuit,jun,june,jungl,junior,junip,junk,junki,juno,jurass,juri,jus,just,justic,justifi,jut,juxtaposit,jy,ka,kab,kabob,kahl,kahlo,kai,kalamata,kalb,kale,kama,kami,kan,kana,kane,kansa,kaput,kar,kara,karaok,karat,kardashian,kari,karl,karma,karr,kart,kary,kate,katherin,kati,katrina,katz,kay,ke,kee,keen,keep,keeper,keg,kein,keith,keller,kelley,kelli,kellner,ken,kennedi,kenneth,kenni,kent,kentucki,kept,ker,kernel,kerr,ket,ketchup,kettl,kevin,key,keyboard,keypad,kfc,kg,ki,kick,kicker,kickstart,kid,kiddi,kiddo,kido,kielbasa,kill,killen,killer,kilt,kim,kimchi,kin,kind,kinda,kinder,king,kink,kinn,kiosk,kir,kish,kiss,kitchen,kitsch,kitschi,kitten,kitti,kiwi,kj,kk,kke,kl,klass,kn,knee,knew,knick,knife,knight,knive,knob,knock,knockout,knot,know,knowledg,knowledge,known,knox,knuckl,ko,kobayashi,kobe,koh,koi,kom,kombat,komm,kong,kool,kop,korea,korean,kosher,koshi,kou,kr,krab,kraft,kri,kris,kristi,kristofferson,ks,ksa,ku,kuchi,kudo,kuma,kumamoto,kung,kura,kush,kw,kyli,kyra,kythira,kz,la,lab,label,labor,labour,labyrinth,labyrinthin,lace,lach,lack,lacklust,lactos,lad,lada,laden,ladi,ladl,lady,lag,laga,lager,lago,lagoon,laguna,lah,laid,lair,lake,lamar,lamb,lame,lamin,lamp,lampoon,lampshad,lan,land,landis,landlock,landmark,landon,landscap,landslid,lane,lang,languag,lap,laps,laptop,lar,lard,larg,larger,largest,las,lasagn,lasagna,last,lat,latch,late,later,latest,latin,latino,latt,latte,latter,laud,laugh,laughabl,launch,laundri,laura,laurel,lauren,lauri,lava,lavend,lavish,lavos,lavra,law,lawn,lawyer,lax,laxat,lay,layaway,layer,layout,layov,laz,laze,lazi,lazili,lberg,lbs,lcd,ld,le,lead,leader,leadership,leaf,leafi,leagu,league,leah,leak,lean,leaner,leap,learn,leas,least,leather,leatheri,leav,leb,lec,lech,lect,led,lee,leech,leek,leer,leeri,leeway,lef,left,leftov,leg,legal,legend,legendari,leggi,legio,legit,legitim,legum,leh,lei,leilani,leisur,leiter,lek,lemm,lemon,lemonad,lemonade,lemongrass,lemoni,len,lenard,lend,length,lengthi,lengthwis,lengua,lenient,leno,lent,lentil,leon,leonard,leopard,ler,les,lesbian,less,lesser,lesson,lest,let,letdown,letharg,letter,lettuc,lev,level,lever,levi,lew,lewd,lewi,lex,ley,lg,lgbt,li,lia,liar,lib,libat,liber,liberac,librari,licata,licens,lich,lici,licious,lick,lickin,lid,lie,lieu,life,lifeguard,lifeless,lifesav,lifestyl,lifetim,lift,lifter,lig,light,lighten,lighter,lightest,lightn,lights,lightweight,lik,like,likelihood,liken,likewis,lil,lim,lima,limb,limbo,lime,limit,limo,limousin,limp,lin,line,linen,liner,lineup,ling,linger,lingeri,linguin,linguini,link,linked,lino,linoleum,linus,linzer,lio,lion,lip,lips,lipstick,lipton,liq,liqueur,liquid,liquor,lis,list,listen,lit,lite,liter,litmus,litter,littl,little,littler,liv,live,liveli,liven,liver,livid,livin,living,liz,liza,lj,lk,ll,lla,llano,lle,ller,llewellyn,lli,lloyd,lm,ln,lo,load,loaf,loami,loath,loav,lobbi,lobe,lobo,lobs,lobster,loc,local,locat,lock,lockdown,locker,lodg,loft,log,logan,logi,logic,logist,logo,lohn,loin,loiter,lok,lol,lolli,lollipop,lolol,lom,lon,lond,london,lone,lonesom,long,longer,longest,longev,longhorn,longish,longtim,loni,lonni,loo,look,lookout,loon,looni,loop,loopi,loos,loosen,looser,loosest,loot,lop,lopon,lopp,lora,lord,lorenzo,lorett,lorrain,los,lose,loser,loss,lost,lot,lotion,lotta,lotteri,lotus,lou,loud,louder,loudest,loui,louie,louis,louisiana,louisvill,loung,lounge,lousi,lov,love,loveliest,lover,lovin,low,lowbal,lowe,lower,lowest,lowli,lox,loyal,loyalti,lp,ls,lsu,lt,lts,lu,lub,lubber,lube,lubric,luby,luc,luci,luciano,lucid,luck,lucki,luckiest,luckili,ludicr,lug,luggag,luggage,lui,luke,lukewarm,lull,lumen,lumi,luminesc,lump,luna,lunar,lunch,luncheon,lunchtim,lune,lung,lupe,lupin,lurch,lure,luscious,lush,lust,luster,lut,luv,lux,luxor,luxuri,lv,lvr,lvs,ly,lyche,lydia,lye,lyn,lynn,lyon,lyric,lyt,ma,maa,mac,macadamia,macaroni,macaroon,macau,macchi,mach,machin,macho,macht,mack,macor,macro,macron,macy,mad,madagascar,madam,madden,maddi,made,madelin,madhous,madison,madonna,madra,mafia,mag,magazin,maggi,maggia,magic,magica,magnet,magni,magnifi,magnific,magnifico,magnitud,magnum,mah,maha,mahi,mai,maid,mail,mailbox,mailer,main,mainland,mainstream,maintain,mainten,maitr,majest,major,mak,maka,makai,make,makeov,maker,makeup,maki,makin,making,mal,mala,malaya,male,malfunct,mali,malibu,malici,mall,malleabl,mallet,malt,mam,mama,mamma,man,manag,manage,manche,mand,mandala,mandarin,mandatori,mandi,maneuv,manger,mango,manhattan,manhood,mani,mania,maniac,manic,manifest,manila,manipul,mankind,manmad,mann,manner,manni,mano,manor,mansion,mantas,manti,mantra,manu,manual,manuel,manufactur,mao,map,mapl,mar,maraca,maraschino,marathon,marbl,marc,march,marco,marcus,mare,marga,margarita,marge,margherita,margin,mari,maria,mariachi,mariah,marilyn,marin,marina,marinad,marinara,marino,mario,marionett,maris,mark,marker,market,marketplac,markup,marmalad,marnie,marque,marri,marriag,marrow,marry,marsala,marshal,marshmallow,mart,martha,martini,marvel,maryland,marz,marzipan,masa,masala,mascot,maserati,mash,masher,mashup,mask,masochist,mason,mass,massag,masseus,massiv,mast,master,masterpiec,mat,match,matchstick,mate,materi,math,matt,matter,matthew,mattress,matur,matzo,matzoh,maui,max,maxim,maxin,may,mayan,mayb,mayhem,mayo,mayonnais,mayonnaise,mayor,mayweath,maz,maze,mb,mbs,mc,mcd,mcdonald,mcdowel,mcintosh,mds,me,meager,meal,meali,meals,mealtim,mean,meander,meaning,meant,meantim,meanwhil,measli,measur,meat,meatbal,meati,meatloaf,mecca,mechan,meck,med,medal,medallion,medi,media,median,medic,medicin,mediev,mediocr,medit,mediterranean,medium,medley,mee,meek,meet,mega,megan,megaphon,meh,mei,mein,mejor,mekong,mel,melani,meld,melinda,melissa,melle,mellitus,mellow,melodi,melon,melt,meltdown,member,membership,membran,meme,memor,memorabilia,memori,memos,memphi,men,menag,mend,ment,mental,mention,menu,menus,mer,merc,mercado,merchant,merci,mere,meredith,merg,meri,meringu,merit,merlot,merri,merrier,merrili,mes,mesa,mesh,mesmer,mesquit,mess,messag,message,messi,met,metabol,metal,metallica,meter,meth,methink,method,methodolog,meticul,metric,metro,metropolitan,mettl,mex,mexica,mexicali,mexican,mexicana,mexicano,mexico,meyer,mez,meze,mezz,mezzo,mgm,mh,mi,mia,miami,mic,mich,michael,michel,michelin,michell,michigan,michoac,mickey,micro,microcosm,microphon,microscop,microwav,microwave,mid,midday,middl,midnight,midori,midst,midtown,midway,midweek,midwest,midwestern,mie,mien,mig,might,mighti,migrain,mika,mike,mil,milanes,mild,milder,mildew,mile,mileag,mileston,militari,milk,milki,milkshak,mill,miller,milli,million,millionair,millionth,milo,mimas,mime,mimi,mimic,mimick,mimosa,min,mina,minc,mind,mindless,mindset,mine,miner,mines,minestron,mingl,mini,miniatur,minim,minimalist,minimum,minion,minis,miniscul,miniskirt,minist,minna,minneapoli,minor,mins,mint,minuet,minus,minuscul,minut,minute,mir,miracl,miracul,mirag,miranda,mirror,mis,misc,misconcept,miser,miseri,misguid,mishap,mishmash,misinform,misl,mislead,mismatch,miso,mispronounc,miss,mission,mississippi,missouri,misspel,misstep,mist,mista,mistak,mistaken,mister,misti,misunderstand,misunderstood,mit,mitch,mite,mitig,mitosi,mix,mixtur,mk,mm,mma,mmer,mmhmm,mmm,mmo,mn,mo,moa,moan,mob,mobil,mobile,mobster,mochi,mock,mod,mode,model,modelo,moder,modern,modest,modicum,modif,modifi,moe,mofo,moist,moister,moistest,moistur,moj,mojav,moji,mojo,mol,molass,mold,molde,mole,molest,molli,molotov,molt,molten,mom,moment,momma,mommi,momofuku,mon,monday,monet,monetari,monetarili,money,monger,mongolian,moni,monica,monitor,monk,monkey,monorail,monosyl,monsanto,monst,monster,monstros,monstrous,mont,montag,montana,monterey,month,montju,montreal,monument,moo,moocher,mood,moodi,moon,moonshin,moos,moose,moot,mop,mor,moral,more,moreov,morgan,morn,moroccan,moron,morsel,mortadella,mortal,mortar,mortifi,mos,moscow,mose,mosey,most,mot,motel,moth,mother,motherfuck,motherfucking,motherland,motif,motion,motiv,motley,moto,motor,motorcycl,mou,mound,mount,mountain,mous,mouss,mouth,mouthwash,mouthwat,move,movement,mover,movi,moz,mozer,mozzarella,mpa,mpd,mph,mr,mraz,mre,mrs,msg,msnbc,mt,mtn,mu,much,mucho,muck,mud,muddl,mueller,muffin,mug,muggi,muk,mul,mula,mule,multi,multipl,multipli,multitud,mum,mumbl,munch,munchi,mundan,municip,mura,mural,murder,murki,murphy,mus,muscl,muscular,museum,mush,mushi,mushroom,music,musician,muss,mussel,must,mustach,mustard,muster,musuem,mutant,mute,muth,mutual,muy,mv,mvp,mw,my,myer,myriad,mysteri,mystiqu,myth,mz,na,naan,nab,nac,nach,nacho,nad,nada,nadia,nadin,nah,nai,nail,naiv,nak,nake,nal,nam,name,nameless,namesak,nami,namli,namo,nana,nap,napa,napkin,napol,napoleon,nark,narrow,nash,nashi,nashvill,nasti,nastiest,nat,natali,nate,nathan,nation,nations,nationwid,nativ,natori,natur,naughti,nauseat,nauseous,navig,nazi,nba,ncaa,nd,nde,nder,nderson,ne,neal,near,nearbi,nearer,nearest,neat,nebraska,nec,necess,necessari,necessarili,neck,nectar,nectarin,nee,need,needi,needl,needless,nees,negat,neglect,negoti,negra,negro,neighbor,neighborhood,neiman,neither,nell,nemo,nen,neo,neon,nephew,nerd,nerdi,nerf,neri,nero,nerv,nervous,nescaf,ness,nest,nestl,net,netflix,network,neutral,nevada,neve,never,neverend,nevermind,nevertheless,new,newbi,newcom,newer,newest,newfangl,newli,newlyw,newman,news,newslett,newspap,newton,next,ney,nez,nfl,ng,nger,ngg,ngo,nha,ni,nibbl,nic,nice,nicer,nicest,nich,nichola,nicht,nick,nickel,nickelodeon,nicknam,nico,nicol,nicola,niec,nifti,nig,nigar,nigh,night,nightcap,nightclub,nightfal,nightgown,nightlif,nightmar,nightstand,nighttim,nil,nina,nine,niner,ninja,nintendo,nip,nirvana,nish,nit,nite,nitpick,nitro,nitti,niu,nix,nj,nk,nl,nlm,nm,nn,nnnn,no,nobel,nobodi,noc,nod,nog,noir,nois,noisi,nola,noli,nom,nomad,nome,nomin,noms,non,nonalcohol,nonchal,nondescript,none,nonetheless,nonexist,nonprofit,nonsens,nonsmok,nonstop,noo,noob,noodl,nook,noon,noontim,nope,nor,nora,nordstrom,norm,normal,norte,north,northeast,northern,northwest,northwestern,norwalk,nos,nose,nosh,nosi,nosier,nostalg,nostalgia,nostril,not,notabl,notat,notch,note,notebook,notepad,noteworthi,noth,nothin,notic,notif,notifi,notion,notori,notorieti,nou,nourish,nov,nova,novel,novelti,novemb,novic,nowaday,nowher,nozzl,np,nps,nrl,nsw,nsync,nt,nti,ntl,nu,nua,nuanc,nuclear,nudg,nuestra,nuevo,nuf,nuff,nugent,nugget,nuisanc,nukem,num,numb,number,numer,nun,nur,nurs,nut,nutmeg,nutrient,nutshel,nutti,nuttier,ny,nyc,nye,oak,oarsmen,oasi,oatmeal,oaxaca,ob,obes,obey,obi,object,oblig,obligatori,obliter,oblivi,oblivion,obnoxi,obscen,obscur,observ,obsess,obsolet,obtain,obtrus,obvious,occ,occas,occasion,occass,occassion,occup,occupi,occur,occurr,ocd,ocean,ocelli,och,ocoa,oct,octo,octob,octopus,od,odd,oddest,ode,oder,odessa,odium,odor,oe,of,ofay,off,offal,offend,offens,offer,offic,offici,offlin,offset,often,oftentim,ogni,oh,ohio,oi,oil,oili,oint,ois,ok,oka,okada,okay,oki,okinawan,oklahoma,okra,ol,ola,old,older,oldest,oldtown,ole,olett,olfactori,olga,oli,oliv,olivia,oll,olog,olt,olymp,om,oma,omar,omelet,omelett,omf,omg,omi,omiss,omit,omni,omnipres,omnivor,omo,on,onboard,one,oneself,ong,ongo,onion,onlin,ono,onscreen,onset,onsit,ontario,onward,oo,ood,oodl,oogi,ooh,oom,ooo,oop,oort,ooz,op,opa,opc,open,oper,opera,opi,opinion,opol,opportun,oppos,opposit,opt,optim,optimist,option,opul,or,orang,orbit,orchard,orchestr,orchestra,orchid,ord,ordeal,orden,order,ordinari,oregano,oreo,org,organ,orgasm,orgasmic,orgi,orgini,ori,orient,origin,original,orion,orl,orlando,orlean,ornat,oro,orphan,orpheum,ortho,os,osa,osaka,oscar,oso,osten,ostentati,ostrich,ot,oth,other,otherwis,ots,ott,otto,ottoman,ou,ouch,oud,ought,oui,ounc,ounce,our,ours,ousid,oust,out,outback,outbreak,outcast,outdat,outdid,outdo,outdoor,outer,outfit,outgo,outing,outlandish,outlet,outlin,outnumb,outpost,outrag,outrank,outre,outright,outshin,outshon,outsid,outskirt,outstand,outta,outward,outweigh,ov,ova,oval,ovat,ove,oven,over,overal,overate,overbear,overboard,overcam,overcast,overcharg,overcom,overcook,overcrowd,overdid,overdo,overdon,overdos,overdress,overdu,overeat,overflow,overgrown,overhang,overhaul,overhead,overheard,overindulg,overkil,overlap,overload,overlook,overnight,overpaid,overpass,overpay,overplay,overpow,overpr,overpric,overprotect,overr,overridden,overrod,overs,overse,overshadow,oversight,oversold,overstuf,overtaken,overtim,overtook,overus,overview,overweight,overwhelm,overwork,overzeal,ow,owe,owl,own,owner,ownership,ox,oxo,oxygen,oy,oyster,oz,ozz,pa,pac,pace,pacif,pacific,pacino,pack,packag,packet,pacman,pad,paddl,padr,pae,pag,page,pageant,pager,pago,pai,paid,paig,pail,pain,paining,painless,paint,pair,pairing,pak,pal,pala,palac,palat,palazzo,pale,palett,palla,pallet,palm,palmer,palo,paloma,pam,pamper,pan,pana,pancak,pancho,panda,pandemonium,pander,pane,panel,pang,panic,panick,panini,pann,pano,pans,pant,panti,pantri,pao,paolo,papa,papaya,paper,paperboy,papi,papilla,papp,paprika,par,para,parachut,parad,paradigm,paradis,paradiso,paragraph,paramed,paranoid,parasol,parcel,parch,pardon,pare,parent,parfait,pari,paris,parisian,park,parking,parlor,parma,parmesan,parmigiana,parr,pars,parsley,part,partak,partake,parti,partial,particip,particular,partit,partner,partook,party,pas,pasa,pasadena,pasqual,pass,passabl,passag,passeng,passerbi,passion,passionfruit,past,pasta,pasteur,pasti,pastor,pastrami,pastri,pastry,pastur,pat,patch,pate,pater,path,pathet,pathway,patienc,patient,patio,patra,patricia,patrick,patriot,patrol,patron,patronag,pattern,patti,paul,paulina,paulo,pave,pavlov,pay,payment,paz,pb,pcs,pct,pd,pdf,pe,pea,peac,peach,peak,peal,peanut,pear,pearl,peasant,peat,pebbl,pecan,pech,peck,pecorino,ped,peddl,pedest,pedestrian,pedia,pee,peed,peek,peel,peep,peer,peev,peg,peggi,pei,peice,peke,pelle,pellegrino,pellet,pen,pena,penal,penchant,pencil,pend,penetr,peni,penicillin,penn,penni,pennsylvania,pens,penthous,peopl,pep,pepe,pepper,peppercorn,pepperi,peppermint,pepperoni,peppi,pepsi,per,percent,percentag,percept,perch,percol,perfect,perfected,perform,perfum,perhap,peri,perimet,period,perk,perm,perman,permeat,permiss,permit,pero,peron,perpetu,perplex,persian,persimmon,persist,person,personal,personif,personifi,personnel,perspect,persuad,persuas,pertain,pertin,peru,perus,peruvian,pervas,pervert,pes,pest,pester,pesto,pet,pete,peter,petit,petti,pfg,pg,ph,phantom,phase,phe,pheasant,phenol,phenomen,phenomona,phil,philadelphia,philand,philip,philipp,philli,phillip,philosophi,phoeb,phoenician,phoenix,phone,photo,photogen,photograph,photographi,phrase,physic,physician,pi,piano,piazza,piazzi,pic,pica,picado,picasso,pick,picki,pickiest,pickl,pickup,picnic,pico,pictur,pie,piec,pier,pierc,pietra,pig,piggi,pikachu,pile,pilgrimag,pill,pillag,pillar,pillow,pillowcas,pills,pimento,pimiento,pimp,pimpl,pimpli,pin,pinbal,pinball,pinch,pine,pineappl,ping,pink,pinnacl,pino,pinot,pint,pinto,pip,pipe,piqu,piquant,pirat,pirin,piss,pistachio,pit,pita,pitch,pitcher,piti,pitt,pittsburgh,pizazz,pizza,pizzazz,pizzeria,pj,pk,pkwi,pla,placard,place,placehold,placement,placer,plagu,plaid,plain,plaint,plan,plane,planet,plank,planner,plant,plantain,planter,plasma,plaster,plastic,plat,plate,platform,platinum,plato,platt,platte,platter,play,playabl,playboy,player,playlist,playoff,playstation,plaza,plea,plead,pleas,pleasant,pleasantri,please,pleasur,pleat,plenti,plethora,pli,plight,plop,plot,plow,ploy,pluck,plucki,plug,plum,plumb,plumber,plummet,plump,plung,plunk,plus,pluse,plush,pluss,plz,pms,pneumonia,po,poach,poacher,pocket,pocketbook,poco,pod,podium,poem,poetic,point,pointless,pois,poison,pok,poke,pokemon,poker,poland,polar,pole,poli,polic,polici,polish,polit,poll,polo,pom,pomegran,pomm,pomo,pompeii,pompous,poncho,pond,ponder,pong,poni,pontif,ponytail,ponzu,poo,pooch,pool,poop,pooper,poor,poorest,pop,popcorn,pope,popey,popov,popper,poppi,poppy,popul,popular,por,porch,porci,pork,porki,porn,porridg,porridge,port,portabl,porter,portion,portland,porto,portobello,portray,portug,portugues,pos,pose,poser,poses,posh,posit,positiv,poss,possess,possibl,post,postal,postcard,poster,postino,postmodern,postpon,pot,potato,potent,potenti,potential,pothol,potion,potter,potteri,poultri,pounc,pound,pour,pout,pow,powder,powderi,power,powerhous,ppi,ppl,ppp,pppp,pr,pra,practic,prais,pram,prank,prawn,pray,prayer,pre,preach,preacher,preachi,precaut,preced,precious,precipit,precis,precursor,predict,prefac,prefect,prefer,preferenti,prefix,pregam,pregnant,prei,prelud,premad,prematur,premier,premis,premium,preoccupi,prep,prepackag,prepaid,prepar,preparer,prepay,preposter,presenc,present,preserv,preset,presid,press,pressur,presum,pretend,pretens,pretenti,pretti,prettier,prettiest,prettili,pretzel,preval,prevent,preview,previous,prey,pri,price,priceless,pricelin,pricey,prici,pricier,priciest,prick,pride,prim,prima,primal,primari,primarili,prime,primetim,primm,primo,primp,princ,princess,principi,principl,print,printer,prior,prioriti,priscilla,prison,pristin,priv,privaci,privat,privileg,prix,prize,pro,proactiv,probabl,problem,problemat,proc,procedur,proceed,process,proclaim,procrastin,prod,produc,product,prof,profan,profess,profession,profil,profit,profus,program,progress,prohibit,project,projectil,projector,prom,promenad,promin,promis,promo,promot,prompt,prone,pronounc,proof,prop,propel,proper,properti,proport,propos,proposit,proprietari,proprietor,pros,prosciutto,prospect,prosper,prostitut,protect,protein,prototyp,proud,prove,proven,provid,provo,prowess,proxim,ps,pseudo,pss,psu,psych,psychedel,psycholog,psychot,pt,pu,pub,public,publican,publiqu,publish,publix,pucci,puck,pud,puddl,puede,puerto,puf,puff,puffi,puke,pull,pullout,pulp,pulsat,pump,pumpkin,pun,punch,punchlin,punctuat,pungent,puni,punish,punit,punk,pup,puppi,puppy,pur,purchas,pure,purifi,purist,purpl,purpler,purplish,purpos,purs,pursu,purveyor,pus,push,pusher,pushi,put,putti,puzzl,pw,pylon,pyramid,python,qa,qc,qd,qg,qh,qing,ql,qm,qq,qt,qu,qua,quack,quad,quadrupl,quail,quaint,qualifi,qualiti,qualm,quant,quantiti,quarrel,quart,quarter,quash,quasi,que,queen,quena,quench,ques,queso,quest,question,queu,queue,qui,quia,quibbl,quich,quick,quicker,quickest,quiet,quieter,quietest,quill,quinc,quince,quinoa,quint,quinta,quintessenti,quinton,quintupl,quir,quirk,quirki,quis,quit,quite,quito,quiz,quo,quot,qv,ra,rab,rabbit,race,racha,rachael,rachel,racion,racism,racist,rack,racket,rad,rada,radar,radi,radio,radish,radius,radom,rae,rag,rage,rah,rahn,raid,rail,railroad,rain,rainbow,rainer,rainforest,raini,rais,raisin,raisonn,raja,rak,rake,ralli,ralph,ram,rama,rambl,rambler,ramen,ramiro,ramon,ramp,rampag,rampant,rampart,ramsay,ramsey,ran,ranc,ranch,rancher,rancid,randi,random,rang,rangoon,rani,rank,ranke,rant,rap,rape,rapid,rapper,rapport,rar,rare,rarer,rarest,rariti,ras,rash,rasher,raspberri,rat,rate,rather,ratio,ration,rattl,rau,rauch,raucous,raul,rav,rave,raven,ravi,ravioli,raw,ray,raymond,razor,rc,rct,rd,rde,rden,rdi,re,reach,reachabl,react,reaction,reactor,read,reader,readership,readi,readili,reaffirm,reagan,real,reali,realism,realist,realiti,realiz,realli,really,realm,realtor,reappear,rear,rearrang,reason,reassembl,reassur,rebecca,rebel,rebound,rebuild,rec,recal,recant,recap,recaptur,reced,receipt,receiv,recent,recep,recept,receptionist,recess,recharg,reciev,recip,reclaim,recogn,recognit,recogniz,recollect,recommend,recondit,reconsid,reconstruct,record,recount,recoup,recov,recoveri,recreat,recruit,rectangl,rectangular,rectifi,recuper,recycl,red,redecor,redeem,redefin,redempt,redirect,rediscov,redneck,redo,redon,redoubt,reduc,reduce,reduct,redund,ree,reef,reel,reemerg,rees,ref,refer,referr,refil,refin,reflect,reflex,reform,refrain,refresh,refriger,refug,refund,refurbish,refus,reg,regal,regard,regardless,regga,reggiano,region,regist,registr,regret,regrett,regul,regular,rehabilit,rehash,rehears,reheat,reich,reign,reinstat,reinvent,reis,reiter,reject,rejoic,rejuven,rel,relat,relationship,relax,releas,relent,relev,reli,reliabl,reliant,relic,relief,reliev,religi,religion,relish,reliv,reloc,reluct,rem,remad,remain,remaind,remak,remark,rembrandt,remedi,rememb,remind,reminisc,remiss,remnant,remodel,remot,remoulad,remov,ren,renaiss,renam,rend,render,rendit,renegoti,reno,renov,renown,rent,rental,renzo,reopen,reorder,rep,repair,repeat,repent,repetit,replac,replenish,repli,replic,replica,repo,report,repres,represent,repriev,reproduc,republ,reput,request,requir,requisit,res,reschedul,rescu,research,resel,resembl,reserv,reset,resid,residu,resin,resist,reso,resolut,resolv,reson,resort,resound,resourc,respect,respit,respond,respons,rest,restaur,resto,restock,restor,restrain,restraint,restrict,restroom,restuar,result,resum,resuppli,ret,retail,retak,retard,rethink,retir,retrac,retrain,retreat,retri,retriev,retro,retrospect,retti,return,returne,reu,reuben,reunion,reus,reuse,revamp,reveal,revel,reveng,reverber,revers,review,revis,revisit,revit,reviv,revolt,revolut,revolutionari,revolv,reward,rex,rey,rger,rgu,rh,rhineston,rhyme,rhythm,ri,ria,rialto,rib,riba,ribbon,ribe,ric,rican,ricardo,rice,rich,richard,richest,richmond,rick,ricotta,rid,riddl,ride,rider,ridg,ridicul,rie,rien,riesl,rieur,riff,riffic,rig,riga,right,righteous,rigi,ril,rim,rind,ring,ringen,ringer,rink,rio,riot,rip,ripe,ripley,rippl,rir,ris,rise,risk,risotto,risqu,rit,rita,rite,rito,ritual,ritz,ritzi,riva,rival,river,riviera,rm,ro,roach,road,roam,roar,roast,roaster,rob,robat,robb,robberi,robe,robert,roberto,robin,robot,robust,roc,rock,rockefel,rocker,rocket,rocki,rockstar,rod,rode,rodeo,rodrigo,roe,rogan,rogen,roger,roh,roja,rojo,roku,rol,role,roll,roller,rollout,rolls,rom,roma,romain,roman,romanc,romanian,romano,romant,romantic,rome,ron,ronald,roni,ronne,roo,roof,rooftop,rooki,room,roomi,roommat,rooster,root,rope,rosa,roscoe,rose,rosemari,ross,rossi,rost,rot,rotat,rotisseri,rotten,rou,roug,rough,roulett,round,roundup,rouse,rout,routin,roux,row,rowdi,rower,rowland,roxann,roy,royal,royalti,rps,rr,rrr,rs,rst,rsv,rti,rto,rub,rubber,rubberi,rubberneck,rube,ruben,rubi,rubio,ruc,ruckus,rude,rudest,rudy,rue,rug,ruh,ruin,rul,rule,rum,rumba,rumbl,rumor,rumple,run,rundown,rung,runner,runni,runnier,runniest,runnin,runway,rural,rush,russel,russian,russo,rust,rusti,rustic,rustl,rut,ruth,ruthless,rutt,ruud,rv,rw,rwi,ry,ryan,rye,rza,saba,sabl,sabrina,sabrosa,sac,sack,sacramento,sacrif,sacrific,sacrileg,sad,sadden,sadi,sadia,sado,safe,safer,safeti,safeway,sagan,sage,sahara,sahl,said,sail,sailor,saint,sak,sake,saki,sal,salad,salami,salari,salat,sale,salesman,salespeopl,saliv,saliva,salivari,sall,salmon,salmonella,salon,saloon,salsa,salt,salter,salti,saltier,saltin,saltwat,salvag,salvat,sam,samaritan,samba,same,sami,sammi,sammy,samos,sampl,sampler,sampling,samurai,san,sanctifi,sand,sandal,sandel,sandi,sandra,sandwich,sane,sang,sangioves,sangria,sani,sanit,sanitari,saniti,santa,santorini,sao,sap,sar,sara,sarah,sarcasm,sarcast,sardin,sari,sash,sashimi,sass,sassi,sata,satay,satiat,satin,satisfact,satisfactori,satisfi,satur,saturday,sau,sauc,saucer,sauci,saud,sauerkraut,sauna,sausag,saut,sauvignon,sav,savannah,save,saver,savor,savori,savouri,saw,sawyer,sax,saxon,say,sbc,sca,scald,scale,scallion,scallop,scam,scamp,scamper,scampi,scan,scandal,scandinavian,scant,scantili,scantron,scape,scar,scarc,scare,scarf,scari,scarlett,scarp,scatter,sce,scenario,scene,sceneri,scenic,scent,sceptic,sch,schau,sche,schedul,scheme,schen,schie,schill,schizophren,schlep,schm,schmooz,schmuck,schnitzel,scholarship,school,schoolhous,schtick,sci,scienc,scintilla,scissor,sco,scof,scold,scone,scoop,scooper,scoot,scooter,scope,scorch,scorching,score,scoreboard,scorpion,scotch,scotia,scott,scotti,scottish,scottsdal,scottsdale,scour,scout,scowl,scragg,scrambl,scrap,scrape,scratch,scratchi,scream,screech,screen,screw,screwdriv,script,scroll,scroung,scrub,scrumptious,sculptur,scumbag,scurri,se,sea,seabrook,seafood,seahawk,seal,seam,seaman,seamless,sean,sear,search,seasid,season,seasonal,seat,seater,seating,seattl,seawe,sebastian,sec,secco,secl,seclud,second,secondari,secret,secretari,section,secur,sed,seder,sedona,seduct,see,seed,seedi,seek,seeker,seem,seemed,seen,seep,segment,segreg,sehr,sei,seinfeld,seizur,sel,seldom,select,self,selina,sell,selleck,seller,seltzer,selv,selznick,semblanc,semen,semi,seminar,semolina,sen,send,senior,sens,sensat,sensibl,sensit,sensor,sensual,sent,sentenc,sentiment,sep,separ,seper,sept,septemb,sequel,sequenti,sequin,ser,serano,seren,serenad,seri,serious,serkin,serra,serrano,serv,serval,servant,serve,server,servic,ses,sesam,sese,session,set,setback,sett,settl,setup,seu,seven,seventi,sever,sewag,sex,sexi,sexiest,sexual,sg,sh,sha,shabbi,shack,shade,shadi,shadow,shafer,shaft,shake,shaken,shaker,shall,shallot,shallow,sham,shame,shameless,shampoo,shandi,shanghai,shangri,shannon,shape,shaq,shar,share,shari,sharin,shark,sharon,sharp,shat,shatter,shave,shaw,shawarma,she,shear,sheba,shed,sheen,sheep,sheer,sheesh,sheet,sheila,shel,shelbi,sheldon,shelf,shell,shellfish,shelv,shen,shenanigan,shepherd,sheraton,sheri,sheriff,sherri,shetland,shi,shibuya,shichimi,shield,shift,shimmi,shin,shine,shing,shini,shinni,ship,shipment,shirley,shirt,shish,shit,shitti,shiver,sho,shock,shocker,shoe,shoelac,shoestr,shone,shook,shoot,shooter,shop,shopper,shopping,shore,short,shortag,shortbread,shortcak,shortcom,shorter,shortest,shot,shotgun,should,shoulder,shout,shove,shovel,show,showbiz,showcas,shower,showgirl,showi,shown,shoyu,shred,shredding,shri,shriek,shrimp,shrink,shrivel,shrub,shrug,shtick,shu,shuck,shuffl,shuffleboard,shui,shun,shut,shuttl,si,siames,sibl,sich,sichuan,sicili,sicilian,sick,sicken,sid,side,sidekick,sidewalk,sidewind,sidi,siesta,siev,sig,sigh,sight,sightse,sign,signag,signal,signatur,signer,signific,sil,silenc,silent,silk,silki,sill,silli,silver,silverado,silverwar,sima,simi,similar,simmer,simo,simon,simpatico,simpl,simpler,simplest,simpli,simplic,simplist,simpson,simultan,sin,sinatra,sinc,sincer,sind,sines,sinew,sing,singapor,singaporean,singer,singl,singular,sink,sinus,sio,sip,sir,sirach,siren,siri,sirloin,sirup,sistan,sister,sistin,sit,site,sitter,situat,siu,six,sixteen,sizabl,size,sizeabl,sizzl,sizzle,sk,skate,skeptic,sketch,sketchi,skew,skewer,ski,skill,skillet,skim,skimp,skimpi,skin,skinless,skinner,skinni,skinniest,skip,skirt,skitter,skool,skor,skull,skunk,sky,skylight,skyrocket,slab,slack,slam,slang,slant,slap,slash,slather,slaughter,slave,slay,sledgehamm,slee,sleek,sleep,sleeper,sleepi,sleev,slept,slew,sli,slice,slicer,slicker,slid,slide,slider,slideshow,slight,slightest,slim,slime,slimi,sling,slink,slip,slipper,slipperi,slit,slither,sliver,sll,slo,slob,slop,slope,sloppi,slot,sloth,slow,slower,slowli,sls,sludg,slug,sluggish,slumber,slump,slurp,slush,slushi,slut,sm,smack,smacker,small,smaller,smallest,smallish,smart,smarter,smartest,smartphon,smash,smatter,smear,smell,smelli,smelt,smidg,smidgen,smile,smiley,smirk,smirnoff,smith,smithfield,smoke,smoker,smokey,smoki,smokier,smokin,smooth,smoother,smoothest,smoothi,smother,smudg,smug,smuggl,smurf,snack,snafu,snag,snail,snake,snap,snapper,snappi,snapshot,snatch,snazzi,sneak,sneaker,sneaki,sneez,snicker,snide,sniff,snip,snippet,snob,snobbi,snoot,snooti,snotti,snow,snowbal,snowbird,snowi,snub,snuck,snuggl,snuggle,sny,so,soak,soap,sober,soccer,soci,social,societi,sock,socrat,soda,sodden,sodium,soft,softbal,softer,softest,soggi,sojourn,soju,sol,solar,sold,sole,soleil,soli,solid,solidifi,solitari,solo,solut,som,sombrero,some,somebodi,someday,somehow,someon,someplac,somersault,someth,something,sometim,somewhat,somewher,somme,son,song,sonic,sonoma,sonoran,soo,soon,sooner,sooth,sop,sophist,soprano,sorbet,sordid,sore,soror,sorri,sorrow,sort,sorta,sot,souffl,soul,sound,soundproof,soundtrack,soup,soupi,sour,sourc,sourdough,sous,south,southeast,souther,southern,southsid,southwest,southwestern,souvenir,sow,soy,sp,spa,spac,space,spacious,spade,spaghetti,spain,span,spandex,spanish,spank,spare,spark,sparkl,sparkler,spars,spas,spat,spatter,speak,speaker,spear,spec,special,specialist,specialti,specif,specifi,specimen,speck,speckl,spectacl,spectacular,specter,spectrum,sped,speech,speechless,speed,speedi,spell,spencer,spend,spender,spent,spher,sphere,spheric,spi,spice,spici,spicier,spiciest,spicy,spider,spiderman,spiel,spike,spill,spilt,spin,spinach,spind,spini,spink,spinner,spinoff,spiral,spirit,spiritu,spit,spite,spiti,spivey,spl,splash,splashier,splendid,splendor,split,splurg,spoil,spoke,spoken,spong,sponge,spontan,spool,spoon,sporad,sport,sporti,sports,spot,spotless,spotlight,spotti,spous,spout,sprang,sprawl,spray,spread,spree,sprig,spring,springer,sprinkl,sprint,sprite,sprout,spruce,sprung,spumoni,spun,spunk,spunki,spur,squad,squander,squar,squash,squeak,squeaki,squeez,squid,squiggle,squint,squish,squishi,sri,srp,ssb,ssh,sss,st,stabil,stabl,stacey,stack,stad,stadium,staf,staff,staffer,stage,stain,stainless,stair,staircas,stake,stale,stalk,stall,stamp,stanc,stand,standard,standbi,standoff,standout,standpoint,stank,stanley,stapl,star,starbuck,starch,starchi,stardust,stare,stargat,stark,starlight,starri,start,starter,starv,starvat,stat,state,statement,staten,station,stationari,statu,statuesqu,status,stay,steadi,steadili,steak,steakhous,steal,steam,steamed,steami,steel,steep,steeper,steer,stefan,stella,stellar,stem,stencil,step,stephani,stephen,stepper,ster,stereo,stereotyp,steril,sterl,stern,steroid,steve,steven,stevi,stew,steyr,sti,stic,stick,sticker,sticki,stif,stiff,stiffer,stiletto,still,stilo,stimul,sting,stingi,stingray,stink,stinki,stint,stipul,stir,stock,stockpil,stockton,stodgi,stoke,stol,stole,stolen,stomach,stomachach,ston,stone,stoner,stoni,stood,stool,stop,stope,stopp,stopper,storag,store,storefront,stori,storm,stout,stove,str,straddl,straggler,straight,straighten,straightforward,strain,strait,strang,stranger,strap,strateg,strategi,stratospher,strau,strauss,straw,strawberri,stray,streak,stream,streamlin,street,strength,stress,stretch,stretchi,strict,stride,strife,strike,strikeout,string,stringi,strip,stripe,stripper,strive,stroke,stroll,stroller,strong,stronger,stronghold,struck,structur,strudel,struggl,strung,stu,stubborn,stuck,stud,student,studi,studio,stuf,stuff,stuffi,stumbl,stump,stumpi,stun,stung,stunk,stupend,stupid,stupidest,stupor,sturgeon,sty,styl,style,stylish,styliz,stymi,styrofoam,su,sua,suav,sub,subconsci,subdu,subject,sublim,submit,subscrib,subsequ,subsid,substanc,substandard,substanti,substitut,subt,subtext,subtl,subtlest,subtleti,subtract,suburb,suburban,subvert,subway,succeed,success,succotash,succul,succumb,such,suck,sucker,sudden,sue,suey,suffer,suffic,suffici,sugar,sugarcan,sugari,suggest,sui,suit,suitabl,suitcas,sukru,sulk,sum,summar,summari,summer,summeri,summertim,summit,summon,sumo,sump,sumptuous,sun,sunbath,sunblock,sunburn,sunda,sunday,sundown,sunflow,sung,sunglass,sunk,sunken,sunlight,sunni,sunny,sunris,sunscreen,sunset,sunshin,sup,super,superb,superbl,superior,superl,supermarket,supervisor,supp,supper,supplement,supplementari,suppli,supplier,support,suppos,suprem,sur,sura,surcharg,sure,surf,surfac,surfer,surgeri,surpass,surplus,surpris,surpriz,surreal,surrend,surround,surveil,survey,surviv,susan,sushi,suspect,suspend,suspici,sustain,susten,sutler,sutter,suu,suv,suzi,svelt,sw,swallow,swamp,swank,swanki,swankier,swap,swarm,swatch,sway,swear,sweat,sweater,sweatshirt,sweep,sweet,sweeten,sweeter,sweetest,sweetheart,sweeti,sweetish,swell,swelter,swept,swift,swig,swill,swim,swimming,swimwear,swine,swing,swinger,swipe,swirl,swiss,switch,swoon,swordfish,swore,swung,sx,sy,syle,sylvia,sympath,symphoni,sync,synch,synchron,synergi,syr,syrup,syrupi,system,sz,sze,szechwan,ta,tab,tabasco,tabl,table,tablecloth,tablespoon,tablet,tac,tack,tacki,tackl,taco,tactic,tad,tag,tagi,tah,tahini,tai,tail,tailor,taint,taiwan,taiwanes,tak,taka,take,takeaway,taken,takeout,taker,taki,taku,tal,talbot,tale,talent,talk,talkat,tall,taller,tallest,tam,tama,tamal,tamar,tamarin,tambi,tame,tami,tampa,tamper,tan,tang,tangent,tangerin,tangi,tangier,tangle,tani,tank,tantal,tanto,tanya,tao,tap,tapa,tape,tapioca,taquer,tar,tara,tarama,tarantino,target,tariff,tarp,tarragon,tart,tartar,task,tasso,tast,taste,tasteless,taster,tasti,tastier,tastiest,tasting,tat,tata,tatami,tate,tatiana,tatsu,tatter,tattoo,tau,taught,tavern,tax,taxi,taylor,tc,tch,td,te,tea,teacher,team,teammat,teamwork,teapot,tear,teas,teaser,teaspoon,teat,tech,technic,techniqu,techno,technolog,teddy,tedious,tee,teen,teenag,teeni,teensi,teeter,teeth,teflon,teh,teil,tel,telephon,teleport,televis,tell,teller,tem,temp,tempeh,temper,temperatur,templ,tempo,temporari,temporarili,tempt,temptat,tempura,ten,tend,tendenc,tender,tenderest,tenderloin,tendon,tennesse,tenni,tens,tension,tent,tentacl,tentat,tenth,teo,tepid,tequila,ter,teri,teriyaki,term,termin,tern,terrac,terrenc,terri,terribl,terrible,terrif,terry,ters,test,testament,tester,testi,testifi,testify,testimoni,testimonial,testosteron,tet,tetri,tewo,tex,texa,texan,text,textur,textural,tg,th,thai,thang,thank,thanksgiv,thant,that,thaw,the,theater,theatr,theatric,theft,their,theme,themself,then,theoret,theori,therapi,there,thereaft,therefor,thermit,thermo,thermomet,thermostat,thesaurus,these,they,thi,thick,thicken,thicker,thickest,thier,thiev,thigh,thin,thing,think,thinner,third,thirst,thirsti,thirteen,thirti,this,tho,thoma,thorough,thot,thou,though,thought,thousand,thr,threaten,three,threw,thrift,thrifti,thrill,thrive,thro,throat,throb,throng,through,throughout,throw,throwaway,throwback,thrown,thru,thug,thumb,thump,thunder,thur,thursday,thus,thx,thyme,ti,tia,tian,tic,tica,tick,ticket,tickl,tid,tidi,tie,tied,tien,tier,ties,tiffani,tiga,tiger,tight,tih,tijuana,tik,tiki,til,tilapia,tile,till,tilt,tim,tima,time,timefram,timeless,timeli,timelin,timer,timeshar,timothi,tin,tina,tinder,tine,tines,ting,tini,tiniest,tink,tinni,tino,tint,tiny,tio,tion,tip,tipo,tipper,tipsi,tir,tire,tiresom,tis,tisch,tissu,tit,titan,titl,tito,tittl,tiu,tivoli,tl,tlc,tle,tley,tmnt,tng,tnt,to,toast,toasti,tobacco,tobi,todai,today,toddler,todo,toe,toenail,tofu,togeth,together,togo,toilet,toiletri,token,tokyo,told,toler,toll,tom,toma,tomahawk,tomato,tommi,tomo,tomorrow,ton,tone,tong,tongu,toni,tonic,tonier,tonight,tonk,tons,too,took,tool,toon,toot,tooth,toothach,toothless,toothpast,toothsom,top,topless,topo,topp,topper,tor,torch,tore,tori,torn,tornado,toro,tort,torte,tortilla,tortur,toscana,toss,tot,total,touch,touchi,tough,tougher,tour,tourism,tourist,tournament,tourney,tout,tow,toward,towel,tower,town,toxic,toy,toyko,tp,tr,tra,trace,tracey,trach,traci,track,tract,traction,trade,trademark,trader,tradit,traditionalist,traffic,tragic,trail,train,traine,trainer,traips,trait,trajectori,tram,trang,tranquil,transact,transfer,transform,transient,transit,translat,transluc,transmiss,transpar,transplant,transport,transvestit,trap,trash,trashcan,trashi,traumat,travel,travers,travesti,tray,tre,tread,treasur,treat,treatment,tree,trek,trekk,tremend,trend,trendi,trendier,tres,trevor,tri,triangl,tribal,tribut,tributari,trick,tricki,trickl,trifl,trigger,trilog,trim,triniti,trink,trinket,trio,trip,tripa,tripe,tripl,trippa,trivia,trivial,tro,trodden,trolley,tromp,tron,trooper,tropic,tropicana,trot,troth,troubador,troubl,troublesom,trough,trout,trove,trp,tru,truck,true,trueli,truffl,truffle,truli,trump,trust,truth,try,trys,tryst,tsao,tsi,tsing,tsk,tso,tsu,tsunami,tt,tte,tti,ttt,tu,tub,tube,tuck,tucson,tue,tuesday,tuff,tui,tulu,tum,tumbl,tumbler,tummi,tummy,tuna,tune,tung,tuo,tur,tura,turf,turkey,turkish,turn,turnaround,turnip,turnov,turquois,turtl,tus,tuscan,tush,tut,tutori,tux,tvs,tw,twa,twang,tweak,twelv,twenti,twice,twiddl,twilight,twin,twinki,twinkl,twirl,twist,twitter,two,txt,ty,tyler,tympan,type,typic,tyson,tz,tzi,uber,ubiquit,uc,ucc,uch,uchi,uck,udon,ue,uf,ufc,ugh,ugi,ugli,ugo,uh,uhh,uic,uj,uki,ul,ulf,uli,ultim,ultra,um,umami,umb,umber,umbrella,umm,un,una,unabl,unaccept,unadulter,unagi,unanim,unapp,unappet,unapproach,unasham,unassum,unattend,unattract,unauthor,unavail,unavoid,unawar,unbalanc,unbear,unbeat,unbeliev,uncal,uncar,uncivil,uncl,unclean,unclear,unclog,uncomfort,unconcern,unconvinc,uncook,uncoop,uncouth,uncov,unctuous,und,undeni,under,undercook,undercov,underdog,underdon,underestim,undergo,undergon,undergrad,undermin,underneath,underpaid,underr,unders,underst,understaf,understand,understat,understood,underton,undervalu,underw,underwear,undesir,undi,undisciplin,undo,undoubt,undress,une,uneasi,uneaten,unenthusiast,unequ,unev,uneven,unexcept,unexpect,unexplain,unfair,unfamiliar,unfavor,unfilt,unforgett,unforgiv,unfortun,unfriend,unfrozen,ung,ungod,unhappi,unhealthi,unheard,unhelp,unhing,uni,unicorn,unidentifi,uniform,unimagin,unimport,unimpress,uninspir,unintent,uninterest,union,uniqu,unit,univers,unknow,unknown,unleash,unless,unlik,unlimit,unlimited,unlock,unlucki,unlv,unmark,unmatch,unmemor,unmistak,unna,unnatur,unnecessari,unnecessarili,unnot,uno,unobtrus,unorgan,unorigin,unorthodox,unpack,unpalat,unparallel,unpleas,unpopular,unpretenti,unprofession,unpromis,unpublish,unreal,unrealist,unreason,unrecogniz,unrel,unreli,unremark,unrestrain,unsaf,unsatisfactori,unsatisfi,unseason,unseen,unser,unsettl,unskil,unspectacular,unstabl,unstuck,unsuccess,unsung,unsur,unsuspect,unsweeten,unter,unthink,unti,until,unto,untouch,untrain,untruth,unus,unusu,unwant,unwelcom,unwelcome,unwil,unwind,unworthi,unwrap,up,upbeat,upcom,updat,upfront,upgrad,uphold,upkeep,uplift,upload,upon,upper,upscal,upset,upsid,upstag,upstair,upstat,uptight,upward,ur,urban,urbo,urch,ure,urg,urgenc,urgent,uri,urin,url,urn,us,usa,usabl,usag,usb,usd,usda,use,useless,user,ush,usher,usi,usl,uss,usual,usui,usuri,usvi,ut,utah,utensil,uther,uti,util,utmost,utt,utter,uut,uv,uva,uvr,uw,ux,uz,va,vaca,vacant,vacat,vacil,vacuum,vader,vagu,val,vale,valencia,valentin,valeri,valet,valhalla,valiant,valid,vall,valle,valley,valu,valuabl,vamp,vampir,vampiro,van,vancouv,vandal,vanessa,vanilla,vanish,vaniti,vantag,vapor,var,vari,variabl,variant,variat,varied,varieti,various,vas,vase,vast,vat,vault,vaunt,vav,vaz,vc,ve,veal,veen,veer,vega,vegan,vegas,veget,vegeta,vegetarian,veggi,vehicl,vein,vel,vela,veloc,velour,velvet,ven,vend,vendor,venetia,venetian,venezia,veni,venic,venis,venison,vent,ventil,ventur,ventura,venu,ver,veracruz,verb,verbatim,verd,verdict,verg,veri,verifi,verili,verit,vermicelli,vermont,vern,vernon,veronica,vers,versa,versac,versatil,version,versus,vertic,very,vessel,vest,vet,veteran,veto,vez,vf,vga,vh,vi,via,viabl,vibe,vibrant,vic,vicari,vice,vicin,vicious,victim,victori,victoria,vid,vida,vidal,video,viel,vier,vietnames,view,viewer,viewpoint,vigo,vile,vill,villa,villag,vim,vina,vinaigrett,vincent,vinci,vine,vinegar,vinegari,vinni,vino,vintag,vinyl,viol,viola,violat,violenc,violent,vion,vip,virgin,virginia,virtu,virtua,virtual,virtuous,visibl,vision,visit,visitor,visual,vit,vitamin,vito,viva,vivaci,vivian,vo,vocabulari,vocal,vodka,voic,voice,void,voila,vol,volcan,volcano,volleybal,voltair,volum,volunt,vom,vomit,von,voor,vor,vos,vote,vouch,voucher,vous,vp,vr,vt,vu,vvv,vw,vy,wa,waa,wac,wacki,wad,waddl,wafer,waffl,waft,wag,wage,wager,wah,wahl,wail,waist,wait,waiter,waitress,waiv,waiver,waka,wakam,wake,wal,wald,wale,walgreen,walk,walker,walkway,wall,wallet,wallow,wallpap,walmart,walnut,walrus,walter,waltz,wan,wand,wander,wang,wanna,wannab,want,war,ward,wardrob,ware,warehous,wari,warm,warmer,warmth,warn,warp,warrant,warren,warte,was,wasabi,wash,washington,washroom,wasnt,wast,wat,watch,watcher,water,watercress,waterfal,waterfront,wateri,watermelon,waterway,waterwork,watt,wattag,wav,wave,wax,way,waylon,wayn,waysid,waz,wdc,we,weak,weaker,weakest,wealth,wealthi,wealthiest,wear,weari,weather,web,websit,wed,wedg,wednesday,wee,weed,week,weekday,weekend,weeknight,weep,weigh,weight,weird,weirdest,weirdo,weiss,welch,welcom,well,wellington,wellspr,wen,wendi,wendy,went,wer,werden,were,west,western,westsid,wet,wether,wh,wha,whack,whale,wham,wharf,what,whatev,whatever,whatsoev,whe,wheat,wheel,wheelbarrow,wheelchair,wheeler,whenev,where,wherea,wherev,whet,whether,whew,which,whichev,whiff,whil,whilst,whim,whimsi,whimsic,whine,whip,whir,whirl,whirlpool,whirlwind,whisk,whiskey,whiski,whisper,whist,whistl,white,whitefish,whiter,whittier,whiz,who,whoever,whole,wholeheart,wholesom,wholli,whomev,whoop,whoosh,whop,whopper,whore,whose,why,whys,wi,wick,wicked,wide,wider,widespread,width,wie,wife,wig,wigg,wiggl,wii,wikipedia,wil,wild,wildest,wilk,will,willi,william,willing,willpow,wilson,wilt,wimpi,win,winchest,wind,windi,window,wine,wines,wing,winkl,winn,winner,winter,wintertim,wipe,wir,wire,wis,wisconsin,wisdom,wise,wisest,wish,wit,witch,with,withhold,within,without,witti,wiz,wizard,wm,wo,wobbl,woe,woefulli,wok,woke,woken,wolf,wolfgang,woman,women,won,wonder,wonderland,wondrous,wong,wonka,wont,woo,wood,wooden,woodi,woodwork,woof,woohoo,wook,wool,woozi,wor,word,wordi,wore,work,workabl,workday,worker,workout,workshop,world,worldli,worldwid,wormhol,worn,worri,wors,worship,worst,wort,worth,worthi,worthwhil,would,wouldnt,wound,wow,wp,wr,wrap,wraparound,wrapper,wrath,wreak,wreck,wrench,wrestl,wrestler,wretch,wright,wring,wrink,wrinkl,wristband,write,writer,written,wrong,wrote,wroth,wrought,ws,wtf,wu,wuss,ww,wwii,www,wy,wyclif,wye,wynn,wyom,wzi,xanadu,xbox,xevious,xh,xi,xiang,xico,xj,xl,xls,xmas,xor,xtra,xu,xv,xx,xxl,xxxx,xy,ya,yack,yah,yahoo,yaki,yall,yam,yamato,yamazaki,yan,yang,yangtz,yard,yardbird,yas,yawn,yay,yaz,ye,yea,yeah,yeahh,year,yearn,yeast,yeasti,yel,yell,yellow,yellowish,yelp,yen,yep,yer,yes,yesterday,yesteryear,yet,yew,yi,yield,yin,ying,yippi,yl,yo,yoghurt,yogi,yogurt,yoke,yoko,yolk,yong,york,yorker,you,young,younger,youngest,youngster,your,youth,youtub,yrs,yu,yuca,yucatan,yuck,yucki,yuk,yukon,yum,yummi,yummier,yummiest,yummy,yun,yung,yup,yuppi,yuu,yuzu,yy,yyyy,yz,za,zach,zag,zah,zak,zan,zane,zap,ze,zeba,zee,zef,zeit,zeke,zen,zeng,zero,zest,zh,zhi,zi,zia,zig,zilch,zillion,zimmer,zine,zing,zion,zip,zippy,zit,zn,zo,zod,zoltan,zombi,zona,zone,zoo,zoom,zu,zub,zucchini,zum,zw,zwei,zz,zzz,