aaa,aaaa,aaaaaa,abil,abl,abound,absent,absolut,absorb,absurd,abund,abysm,ac,aca,accent,accept,access,accid,accident,accolad,accommod,accomod,accompani,accomplish,accord,accordion,account,accur,accustom,ace,ach,achi,acid,acknowledg,acquaint,acquir,across,act,action,activ,actual,ad,ada,adam,add,addam,addict,addit,address,adequ,adjac,adjoin,adjust,admir,admiss,admit,ador,adorn,adrian,adult,advanc,advantag,adventur,advertis,advic,advis,aesthet,affect,afford,aforement,afraid,afternoon,aftertast,afterward,ag,age,agent,aggrav,aggress,agio,ago,agre,ah,aha,ahead,ahh,ahi,aid,aim,aio,air,airi,airport,airway,ais,aisl,aka,aki,al,ala,alarm,alaskan,albeit,alcohol,ale,alert,alex,alfredo,alien,aliv,all,allen,allerg,allergi,alley,allow,almond,almost,alon,along,alongsid,alreadi,alright,also,altern,although,altogeth,alway,am,amam,amanda,amateur,amaz,amaze,amazing,amber,ambianc,ambienc,amd,amen,america,american,amex,ami,amidst,amis,among,amongst,amount,ampl,amus,an,anaheim,anchovi,and,andi,andrea,andrew,angel,angela,anger,angl,angri,angus,anim,ann,anna,anniversari,announc,annoy,annual,anoth,answer,ant,anthoni,anti,anticip,antipasto,antiqu,anxious,any,anybodi,anyhow,anymor,anyon,anyone,anyplac,anyth,anytim,anyway,anywher,apart,apolog,apologet,app,appal,appar,appeal,appear,appet,appetit,appl,apple,appli,appoint,appreci,approach,appropri,approv,approx,approxim,april,ar,arabian,arcad,architectur,ard,are,area,arena,argentin,argu,aria,arian,arizona,arm,armi,arnais,arnold,aroma,aromat,around,arr,arrang,array,arriv,arrog,art,artichok,articl,artisan,artist,artwork,arugula,as,asada,asap,asar,ash,asham,ashley,asia,asian,asid,ask,asparagus,aspect,ass,assembl,assist,associ,assort,assum,assur,asteroid,astound,astro,at,ate,atm,atmospher,atta,attach,attack,attempt,attend,attent,attitud,attract,attribut,atz,audac,auf,august,aunt,austin,aut,authent,auto,autograph,automat,avail,ave,avenu,averag,avid,avocado,avoid,aw,await,awar,award,away,awesom,awesome,awkward,ay,babi,bacchan,bach,bachelor,bachelorett,back,background,backyard,bacon,bad,bag,bagel,baguett,bailey,baja,bake,bakeri,baklava,bal,balanc,balconi,ball,balsam,bam,ban,banana,band,bandi,bandido,bang,bank,bao,bar,barb,barbecu,barbequ,bare,bargain,bark,barrel,bartend,base,basebal,bash,basi,basic,basil,basket,basketbal,bass,bat,batch,bath,bathroom,bathtub,batter,battista,battl,bay,bbq,be,beach,bean,bear,beard,beat,beaten,beatl,beau,beauti,becam,becki,becom,bed,bedroom,beef,beefi,beer,beet,beforehand,beg,began,begin,behav,behavior,behind,behold,believ,bell,bella,bellhop,belli,bellini,belong,belov,belt,ben,bench,benedict,benefit,benni,bento,berri,besid,best,bet,better,bever,beverag,bewar,beyond,bf,bi,bias,big,bigger,biggest,biggi,bike,bill,biloxi,bin,bingo,bird,birthday,biscuit,bison,bistro,bit,bitch,bite,bitter,biz,bizarr,bl,bla,black,blackberri,blacken,blackjack,blah,blame,blanc,bland,blank,blanket,blast,bleach,bleed,blend,bless,bleu,blew,blind,bliss,blister,blizzard,block,blond,blood,bloodi,blossom,blow,blown,blue,blueberri,blvd,bo,boar,board,boast,boat,bobo,bodi,bogo,boil,bok,bold,bolognes,bomb,bon,bone,boneless,bonus,boo,book,bookmark,boom,boot,booth,booz,border,borderlin,bore,born,boss,boston,bother,bottl,bottom,bottomless,bou,bouc,bought,bounc,bound,bourbon,bout,boutiqu,bowl,box,boy,boyfriend,br,brag,brain,brais,bran,brand,brandon,brave,bravo,brazil,brazilian,brazillian,bread,breadcrumb,break,breakdown,breaker,breakfast,bream,breast,breath,breathtak,breez,brew,breweri,brian,brick,bride,bridg,brie,brief,bright,brilliant,brim,brine,bring,brisk,brisket,brittl,bro,broccoli,broil,broke,broken,brook,bros,broth,brother,brought,brown,browni,brows,bruch,brule,brunch,brus,brush,brussel,btw,bu,bubbl,buch,buck,bucket,bud,buddi,budget,buffalo,buffer,buffet,buffett,bug,build,built,bulk,bull,bullet,bum,bummer,bump,bun,bunch,burg,burger,burn,burnt,burr,burrito,burst,bus,busboy,busi,busier,buss,bust,bustl,butcher,butt,butter,butteri,buttermilk,butternut,butterscotch,button,buy,buzz,by,bye,bypass,ca,cab,cabbag,cabernet,cabeza,cabinet,caccia,cactus,cadillac,caesar,cafe,cafeteria,cage,cai,cajun,cak,cake,cal,cala,cali,calib,california,call,calm,calori,calzon,came,camera,camp,can,canadian,canal,cancel,candi,candl,cane,cannoli,cannot,cant,cantaloup,cantones,canyon,cap,capabl,capac,caper,capit,cappuccino,captain,car,caraf,caramel,carb,carbon,card,cardboard,care,careless,caribbean,carlo,carmel,carn,carniv,carnivor,carolina,caron,carpet,carri,carrot,cart,carv,carver,case,cash,cashier,casino,cast,casual,cat,catch,categori,cater,catfish,cattl,caught,cauliflow,caus,caution,caviar,cci,cd,ce,cea,cease,ceil,celebr,celeri,celin,cell,cent,center,central,centuri,cereal,certain,certif,ces,cesar,cevich,ceviche,ch,cha,chain,chair,chalk,challeng,champagn,chan,chanc,chandeli,chandler,chang,channel,chao,chaotic,chapel,char,charact,charcoal,chardonnay,charg,charger,chariti,charm,chart,chase,chat,chatti,chau,che,cheap,cheaper,cheapest,cheat,check,checkout,cheddar,cheer,chees,cheeseburg,cheesecak,cheesesteak,cheesi,chef,chemic,cherri,chew,chewi,chi,chic,chicago,chich,chick,chicken,child,childhood,children,chile,chilean,chili,chill,chilli,chin,china,chinatown,chines,chino,chip,chive,cho,choco,chocol,choic,choke,choos,chop,chopstick,choreograph,choreographi,chorizo,chose,chosen,chow,chowder,chris,christ,christian,christina,christma,christoph,chu,chuan,chuck,chunk,chunki,chur,churro,chutney,ci,cia,cigar,cigarett,cilantro,cinco,cinnamon,cio,circl,circular,circumst,circus,cirqu,citi,citrus,cl,clad,claim,clair,clam,class,classi,classic,claustrophob,claw,clean,cleaner,cleanli,clear,clever,clich,client,clientel,climb,clip,clock,close,closer,closest,closet,cloth,cloud,club,clue,cluster,cm,co,coa,coars,coast,coat,cob,cobb,cobbler,cockroach,cocktail,coconut,cod,coddl,code,coffe,coin,coke,cola,cold,cole,coleslaw,collar,collard,colleagu,collect,colleg,collin,color,colorado,com,coma,combin,combo,come,comfi,comfort,commend,comment,commerci,commit,common,communal,communic,communiti,como,comp,compani,companion,compar,comparison,compel,compens,compet,competit,complain,complaint,complement,complementari,complet,complex,complic,compliment,complimentari,compon,composit,compot,compris,compromis,comput,con,concentr,concept,concern,concert,concierg,conclus,concoct,condens,condescend,condiment,condit,cone,confer,confess,confid,confirm,confus,congest,congratul,connect,connoisseur,conscious,consid,consider,consist,constant,construct,consum,contact,contain,contamin,contemporari,content,contest,continu,contract,contrast,contribut,control,conveni,convent,convers,convert,convinc,cook,cooki,cool,cooler,coolest,cop,cor,cordial,core,corn,cornbread,corner,corona,corpor,corral,correct,corridor,cosmo,cosmopolitan,cost,costume,cot,cotta,cottag,couch,could,couldnt,count,counter,countless,countri,coupl,coupon,cours,court,courteous,courtesi,couscous,cousin,cover,cow,cowboy,cowork,cozi,cr,crab,crack,cracker,craft,cramp,cranberri,cranki,crap,crappi,crave,crawl,craze,crazi,cream,creami,creamier,creamiest,creat,creation,creativ,creatur,credit,creepi,crema,creme,crepe,crew,cri,crime,crinkl,crisp,crispi,critic,critiqu,croissant,cross,crouton,crow,crowd,crown,cruis,crumb,crumbl,crunch,crunchi,crush,crust,crusti,crystal,cu,cuban,cubano,cube,cucumb,cue,cuisin,culinari,cultur,cup,cupcak,cur,curd,cure,curious,current,curri,curtain,custard,custom,cut,cute,cutlet,da,dab,dad,daili,dairi,dalla,dam,damag,damn,dan,danc,dang,danger,dani,daniel,dare,dark,darlen,darn,das,dash,dat,date,daughter,dave,david,day,daytim,ddd,de,dead,deal,dealer,dear,death,debat,dec,decad,deceiv,decemb,decent,decept,decid,decis,deck,declin,deconstruct,decor,dedic,deduct,deem,deep,deepli,def,defens,defiant,defin,definet,definit,degre,del,delay,delect,deli,delic,delicaci,delici,delight,deliv,deliveri,demand,den,deni,denis,denni,denny,dens,dent,denver,depart,departur,depend,deposit,depress,depth,der,des,descent,describ,descript,desert,deserv,design,desir,desk,desper,despit,dessert,destin,detail,deter,determin,detract,develop,devic,devil,devour,di,diabet,diablo,diamond,dian,didnt,dido,die,diego,diet,dietari,differ,difficult,difficulti,dig,digest,digit,digress,dijon,dill,dim,dime,diminish,din,dine,diner,ding,dingi,dinner,dio,dip,dipper,direct,dirt,dirti,disabl,disappear,disappoint,disast,disco,discount,discourag,discov,discuss,disgrac,disgust,dish,dislik,dismay,dismiss,disney,disneyland,disorgan,dispens,display,disrespect,diss,dissatisfi,distanc,distinct,distinguish,distract,disturb,dive,diver,divers,divid,divin,dk,do,dock,doctor,doesnt,dog,doggi,doll,dollar,dome,domin,dominiqu,donat,done,donkey,dont,donut,doodl,door,dori,dot,doubl,doubt,doug,dough,doughi,doughnut,down,downer,downfal,downgrad,downhil,downright,downsid,downstair,downtown,dozen,dr,draft,drag,dragon,drain,dramat,drank,drape,draw,drawback,drawer,drawn,dread,dream,drench,dress,dri,drift,drink,drinkabl,drinker,drip,drive,driven,driver,drizzl,drool,drop,dropout,drove,drown,drunk,drunken,dtl,du,dual,duck,dude,due,dug,duh,duke,dulc,dumb,dump,dumpl,dung,duo,duplic,dur,dust,dutch,duti,dynamit,eager,ear,earl,earli,earlier,earn,earring,earth,earthi,eas,easi,easier,easili,east,easter,eastern,eat,eatabl,eaten,eater,eateri,eclect,ed,eddi,edg,edibl,edit,educ,ee,eee,eel,eff,effect,effici,effort,egg,eggplant,eggs,eh,eiffel,eight,either,el,elabor,elbow,elder,elect,electr,electron,eleg,element,elev,eleven,elimin,elit,elizabeth,elk,ell,ella,ellen,ellyn,elo,els,else,elsewher,elvi,em,email,embarrass,emerald,emerg,emili,emp,employe,empti,en,enchilada,enclos,encor,encount,encourag,end,endless,endur,energet,energi,enga,engag,england,english,enhanc,enjoy,enorm,enough,ensur,enter,entertain,enthusiast,entic,entir,entranc,entre,entree,entri,envi,environ,eo,ep,epe,epic,episod,epitom,equal,equat,equip,equival,er,era,eric,error,escal,escap,escort,esp,especi,espn,espresso,esqu,ess,essenc,essenti,est,establish,estat,estim,et,eta,etc,ethnic,etta,europ,european,eve,even,event,eventu,ever,everi,everybodi,everyday,everyon,everyth,everything,everytim,everywher,evi,evid,evo,ex,exact,exagger,exampl,excalibur,exceed,excel,except,excess,exchang,excit,exclus,excus,execut,exhaust,exhibit,exist,exit,exorbit,exot,expand,expans,expect,expedit,expens,experi,experienc,expert,explain,explan,explod,explor,explos,expo,expos,express,exquisit,extend,extens,exterior,extra,extraordinari,extravag,extrem,exud,ey,eye,ez,fa,fab,fabul,face,facebook,facil,fact,factor,factori,fade,fail,faint,fair,fairfax,faith,fake,falco,fall,fallen,fals,fam,fame,famili,familiar,famish,famous,fan,fanat,fanci,fancier,fantast,far,fare,farm,farmer,farro,fart,farther,fascin,fashion,fast,faster,fat,father,fatti,fault,faux,fave,favor,favorit,favourit,fax,fe,fear,feast,featur,feb,februari,fed,fee,feed,feedback,feel,feet,fell,fellow,felt,femal,fenc,fennel,festiv,feta,fett,fettuccin,fewer,ff,fi,fianc,fiance,fide,field,fier,fieri,fifteen,fifth,fifti,fig,fight,figur,fil,file,filet,fill,filler,fillet,film,filthi,fin,final,find,fine,finest,fing,finger,finish,fire,firebal,fireplac,firesid,firework,firm,first,fish,fishi,fit,five,fix,fl,flag,flair,flake,flaki,flame,flamingo,flan,flank,flare,flash,flashback,flashi,flat,flatbread,flavor,flavorless,flavour,flawless,flew,flexibl,fli,flight,flip,flipper,float,flock,floor,florida,flour,flow,flower,flown,fluffi,fluke,fo,foc,focus,fog,foi,foil,fold,folk,follow,fond,fondu,foo,food,fool,foot,footag,footbal,for,forbidden,forc,forev,forget,forgett,forgiv,forgot,forgotten,fork,form,formal,former,forth,fortun,forum,forward,foster,found,fountain,four,fourth,fox,foyer,fr,franchis,francisco,frank,franklin,freak,free,freez,freezer,fremont,french,frequent,fresco,fresh,fresher,freshest,fri,friday,fridg,friend,friendli,friendlier,friendliest,frigg,frill,frito,fritter,frog,front,frost,frozen,fru,fruit,fruiti,frustrat,ft,fu,fuck,fudg,fuel,fulfil,full,fulli,fun,function,funki,funni,furnish,furnitur,fuse,fusion,fuss,fussi,futur,fyi,ga,gabi,gain,gal,gallo,gallon,galor,gambl,gambler,game,gamer,gamey,gang,garag,garbag,garden,garlic,garlicki,garnish,gas,gather,gatsbi,gaucho,gaudi,gaug,gav,gave,ge,gear,gee,geek,gela,gelatin,gem,general,generat,generic,generous,genius,genr,gentl,gentleman,genuin,georgia,ger,gestur,get,getaway,gg,ghetto,ghost,gi,giant,gift,gigant,giggl,ginger,gir,giri,girl,girlfriend,give,given,glad,glanc,glass,glaze,glori,glorious,glove,glow,gluten,gluttoni,go,goal,goat,gobbl,god,goe,goer,gold,golden,golf,gondola,gondoli,gone,gonna,goo,good,goodby,goodi,gooey,googl,goos,gordi,gordo,gordon,gorg,gorgeous,gosh,got,gotta,gotten,gourmet,gown,gr,grab,grace,gracious,grad,grade,graduat,graham,grain,gram,grand,grandma,grandmoth,granola,grant,grape,grapefruit,graphic,gras,grate,gratuiti,grave,gravi,gray,grazi,greas,greasi,great,greater,greatest,greec,greek,green,greet,grenad,grew,grey,grill,gringo,gripe,grit,gritti,groceri,gross,ground,group,grow,grown,grub,grumbl,grumpi,gu,gua,guacamol,guarante,guard,guava,guess,guest,guid,guilti,gum,gummi,gun,gusto,gut,guy,gym,gyoza,gyro,gyu,ha,hab,habit,had,hah,hair,half,halfway,halibut,hall,hallway,halt,ham,hamburg,hand,handl,handmad,hang,hanger,hangout,hangov,happen,happi,happier,happili,har,harass,hard,harder,harm,haru,hash,hassl,hat,hate,have,hawaii,hawaiian,hazelnut,he,head,headach,health,healthi,healthier,heap,hear,heard,heart,heartbeat,hearti,heat,heater,heather,heaven,heavi,heavier,heavili,heck,hectic,heel,hefti,heirloom,hel,held,hell,hello,helm,help,helper,hen,henc,henderson,her,herb,herd,here,hernan,hero,hesit,hey,hg,hh,hi,hiccup,hidden,hide,high,higher,highest,highlight,hike,hilari,hill,hilton,him,hint,hip,hippi,hipster,hire,his,hispan,histori,hit,hm,hmm,hmmm,ho,hoagi,hockey,hol,hold,holder,hole,holi,holiday,hollandais,holler,hollywood,home,homeless,homemad,hometown,homey,hon,honest,honesti,honey,honeymoon,hong,honor,hoo,hook,hop,hope,horch,horrend,horribl,horrid,horseradish,hospit,host,hostess,hot,hotel,hotter,hour,hous,house,housekeep,hover,howev,hoy,hrs,http,https,hu,hub,hubbi,hubby,hue,hug,huge,human,humbl,hummus,humong,humor,hundr,hung,hunger,hungov,hungri,hungrier,hunk,hunt,hurri,hurt,husband,hustl,hyp,hype,hypoallergen,ian,ice,iceberg,icecream,ich,ici,icon,idea,ideal,ident,identifi,idiot,if,iffi,ignor,ihop,iii,ija,iki,ill,illumin,im,imag,imagin,imit,immacul,immedi,immens,imo,impact,impati,impecc,imperson,implement,import,imposs,impress,improv,in,inappropri,inattent,inch,incid,inclin,includ,inclus,inconsider,inconsist,inconveni,incorrect,increas,incred,inde,indecis,indian,indiana,indic,indigest,individu,indoor,induc,indulg,industri,ined,inexpens,inflat,influenc,info,inform,infus,ingredi,inhal,initi,injuri,ink,inn,innov,input,inquir,inquiri,insan,insert,insid,insist,inspect,inspir,insta,instal,instanc,instant,instead,institut,instruct,insult,integr,intend,intens,intent,interact,interest,interior,intern,internet,interrupt,intim,intimid,intoler,intrigu,introduc,invad,invent,invest,investig,invit,involv,io,ioc,ion,ipa,ipad,iphon,iri,iron,irrit,is,ish,island,isnt,issu,it,itali,italian,itch,item,itinerari,ive,ivi,ix,jac,jack,jacket,jackpot,jackson,jade,jal,jalape,jam,jamaican,jamb,jame,jan,jane,januari,japan,japanes,jar,jason,jaw,jealous,jean,jef,jeff,jelli,jen,jennif,jeremi,jerk,jerri,jersey,jessica,jet,jewel,jewish,ji,jo,job,joe,john,join,joint,jojo,joke,jonathan,jone,jose,josh,journey,joy,juan,judg,judgement,juic,juici,juli,jumbo,jump,june,junior,junk,junki,juno,jus,just,justic,justifi,ka,kab,kai,kalamata,kale,kansa,kati,kay,ke,keep,keller,ken,kept,kernel,ketchup,key,kg,ki,kick,kid,kiddo,kill,killer,kilt,kim,kind,kinda,king,kink,kiss,kitchen,kitschi,kk,kn,knew,knife,knight,knive,knock,know,knowledg,known,ko,kobe,kong,korean,kudo,kung,kura,la,label,labor,lack,lacklust,laden,ladi,lag,laid,lake,lamb,lame,lamp,land,landmark,lane,languag,lap,lard,larg,larger,largest,las,lasagna,last,late,later,latest,latin,latt,latte,latter,laugh,laundri,lauren,lavend,lavish,lavra,law,lay,layer,layout,lazi,lbs,lcd,le,lead,leaf,leafi,leagu,lean,learn,least,leather,leav,leb,lec,lech,led,lee,leek,left,leftov,leg,legal,legend,legit,legitim,leh,leisur,lemon,lemonad,lemongrass,length,lengthi,lengua,leno,less,lesson,let,letter,lettuc,level,lew,li,licens,lick,lid,lie,lieu,life,lifetim,light,lighter,lik,like,lil,lima,lime,limit,limo,lin,line,linen,linger,linguin,linguini,link,lip,liquid,liquor,list,listen,lit,lite,liter,littl,live,liver,ll,llano,lli,lo,load,lobbi,lobster,local,locat,lock,log,lol,lon,lone,long,longer,longest,loo,look,loos,lord,los,lose,loser,loss,lost,lot,lou,loud,louder,loui,louie,loung,lousi,love,lover,low,lower,lowest,lox,loyal,loyalti,lt,luck,lucki,luckili,luggag,lui,luke,lukewarm,lumi,lump,lunch,lunchtim,luscious,lush,luster,lux,luxor,luxuri,lv,ly,lyn,ma,mac,macaroni,macaroon,mach,machin,mad,madam,made,magazin,magic,magnific,mahi,mai,maid,mail,main,maintain,mainten,major,maka,make,maker,makeup,maki,male,mall,mama,mamma,man,manag,manche,mandala,maneuv,manger,mango,manhattan,mani,manic,manner,mapl,mar,marbl,march,margarita,margherita,margin,mari,mariachi,marin,marinad,marinara,mario,mark,market,marketplac,marque,marri,marrow,marsala,marshmallow,mart,martini,marvel,masa,mash,mason,mass,massiv,master,mat,match,mate,materi,math,matt,matter,mattress,matzo,matzoh,max,may,mayb,mayo,mayonnais,mayor,maze,mb,mc,mcdonald,me,meal,mean,meant,meanwhil,measur,meat,meatbal,meati,meatloaf,mechan,med,media,mediocr,mediterranean,medium,medley,meet,megan,meh,mein,mellow,melon,melt,member,membership,memor,memorabilia,memori,men,mental,mention,menu,menus,mer,mere,meringu,mesmer,mesquit,mess,messag,messi,met,metal,metro,mex,mexican,mexico,meze,mezz,mgm,mi,mia,miami,mic,mich,michael,michel,michell,microwav,mid,middl,midnight,mig,might,mighti,mike,mil,milanes,mild,milder,mile,militari,milk,milkshak,mill,milli,million,milo,mimi,mimosa,min,minc,mind,mine,mines,minestron,mini,miniatur,minim,minimum,minor,mint,minus,minut,mirag,miranda,mirror,mis,miser,mislead,miso,miss,mission,mist,mistak,mistaken,mister,mix,mixtur,mm,mmm,mo,mob,mobil,mochi,mock,model,modelo,moder,modern,moist,moji,mol,mold,mole,mom,moment,momma,mon,monday,money,mongolian,monica,monkey,mont,month,montreal,mood,moon,mor,more,morn,morsel,mos,moscow,most,motel,mother,motif,motion,motley,mou,mound,mountain,mous,mouss,mouth,mouthwat,move,movi,mozzarella,mrs,msg,mu,much,mud,muddl,muffin,mug,mul,mula,mule,multi,multipl,mum,munch,munchi,muscl,museum,mush,mushi,mushroom,music,musician,mussel,must,mustard,muy,my,mysteri,nacho,nada,nah,nail,nake,nam,name,namesak,nami,nap,napkin,narrow,nashvill,nasti,nation,nativ,natur,navig,nd,ne,near,nearbi,nearest,neat,necessari,necessarili,neck,need,needless,negat,neglect,negoti,neighbor,neighborhood,neither,nell,neo,neon,nephew,nero,nerv,nervous,ness,net,network,nevada,never,nevertheless,new,newbi,newer,newest,newli,news,newspap,next,ng,ni,nibbl,nice,nicer,nicest,nicht,nick,nickel,nig,night,nightclub,nightlif,nightmar,nightstand,nine,nish,no,nobodi,noc,nod,noir,nois,noisi,nom,non,nonalcohol,none,nonetheless,noodl,noon,nope,norm,normal,north,nose,nostalg,nostalgia,not,notabl,notch,note,notebook,noth,notic,notifi,nourish,nova,novelti,novemb,nowher,nt,nuff,nugget,num,number,numer,nurs,nut,nutti,ny,nyc,nye,oak,oasi,oatmeal,oaxaca,ob,object,obnoxi,observ,obsess,obtain,obvious,occas,occasion,occupi,occur,ocean,och,octob,octopus,od,odd,odor,of,ofay,off,offend,offens,offer,offic,offici,often,ogni,oh,oil,oili,okay,okra,ol,ola,old,older,oldest,oli,oliv,om,omar,omelet,omelett,omg,on,one,ong,onion,onlin,oo,ood,ooh,ooo,ooz,open,oper,opera,opinion,opportun,oppos,opposit,opt,optimist,option,opul,or,orang,orbit,ord,ordeal,order,ordinari,oregano,oreo,organ,orgasm,orient,origin,os,ostrich,ot,other,otherwis,ott,otto,ounc,our,out,outdat,outdoor,outfit,outing,outlet,outrag,outsid,outstand,outta,oven,over,overal,overbear,overboard,overcharg,overcook,overdon,overdu,overflow,overhead,overheard,overload,overlook,overpow,overpr,overr,overs,overshadow,overstuf,overwhelm,ow,owe,own,owner,oyster,oz,pa,pac,pace,pack,packag,packet,pacman,pad,page,paid,pain,paint,pair,pairing,pal,palac,palat,palazzo,pale,palett,palla,palm,palmer,pamper,pan,pancak,panda,panel,pang,panini,pann,pant,pao,papa,paper,paperboy,papilla,papp,par,para,paradis,parent,parfait,pari,park,parmesan,parmigiana,parsley,part,partak,parti,partial,particular,partner,pas,pass,passabl,passion,past,pasta,pastor,pastrami,pastri,pat,pate,path,pathet,patienc,patient,patio,patron,patti,paul,paulo,pay,payment,pb,pe,pea,peac,peach,peak,peanut,pear,pearl,pecan,peek,peel,peep,peev,pen,penn,penni,penthous,peopl,pepper,pepperi,pepperoni,pepsi,per,percept,perch,perfect,perform,perfum,perhap,period,perk,perman,perplex,person,perspect,perus,peruvian,pes,pesto,pet,peter,petit,ph,phantom,phenomen,philadelphia,philli,phoenix,phone,photo,photograph,phrase,physic,pi,pic,pick,picki,pickl,pickup,picnic,pico,pictur,pie,piec,pig,piggi,pile,pillow,pimento,pin,pinbal,pinball,pine,pineappl,ping,pink,pinot,pint,pinto,pipe,pirin,piss,pistachio,pit,pita,pitcher,piti,pizza,place,plagu,plain,plan,plane,planet,plant,plantain,plastic,plate,platter,play,playabl,player,playlist,plaza,pleas,pleasant,please,pleasur,plenti,plethora,plop,plug,plump,plus,plush,po,poach,pocket,podium,point,pointless,poison,poke,poker,pole,polici,polish,polit,poll,pomegran,pong,pool,poor,pop,popcorn,popular,pork,porridg,port,porter,portion,portobello,posh,posit,possibl,post,poster,pot,potato,potenti,pound,pour,powder,power,ppi,ppl,ppp,practic,prais,prawn,pray,pre,precis,prefac,prefer,pregnant,premis,premium,prep,prepar,present,preserv,press,pressur,pretend,pretenti,pretti,pretzel,prevent,previous,price,pricey,prici,pricier,prick,pride,primari,primarili,prime,princess,print,prior,privaci,privat,prix,prize,pro,probabl,problem,proceed,process,produc,product,profession,profil,profit,program,progress,project,prom,promis,promot,prompt,prop,proper,properti,proport,pros,prosciutto,protein,proud,prove,provid,provo,pu,pub,public,pucci,puck,pud,puddl,puff,puffi,puke,pull,pullout,pump,pumpkin,pun,punch,pungent,purchas,pure,purist,purpl,purpos,purs,push,pushi,put,qu,quad,quail,quaint,qualifi,qualiti,quantiti,quarter,que,queen,quench,ques,queso,quest,question,qui,quich,quick,quicker,quiet,quinoa,quintessenti,quirki,quit,quito,quot,race,racha,rachel,racist,rack,radi,radish,rag,rah,rail,rain,rainbow,rainer,rais,raisin,raja,ramen,ramsey,ran,ranch,rancher,random,rang,rangoon,rank,rapper,rare,ras,raspberri,rat,rate,rather,ratio,rave,ravioli,raw,rd,re,reach,reaction,read,readi,readili,real,realiti,realiz,realli,rear,reason,rebecca,rec,recal,receipt,receiv,recent,recept,receptionist,recess,recip,recogn,recogniz,recommend,record,recoveri,recreat,rectifi,red,redeem,redempt,reduc,reduct,refer,refil,refin,reflect,refresh,refriger,refund,refus,regard,regardless,region,regist,registr,regret,regular,rehears,reheat,reiter,rel,relat,relax,reli,reliabl,relief,reliev,relish,reliv,reloc,reluct,remain,remak,remark,rememb,remind,reminisc,remodel,remot,remov,ren,render,rendit,renov,rent,rental,repair,repeat,repetit,replac,replenish,repli,report,repres,reput,request,requir,res,rescu,research,resembl,reserv,resid,resist,resolut,resolv,resort,respect,respond,respons,rest,restaur,resto,restock,restor,restrict,restroom,result,ret,retail,retir,retro,return,reuben,revel,revers,review,revisit,reviv,reward,ri,rialto,rib,rice,rich,rick,ricotta,rid,ride,ridicul,riga,right,rim,ring,ringer,rio,rip,ripe,rise,risk,risotto,rita,rival,river,riviera,ro,road,roam,roast,rob,robat,robe,robert,roberto,robot,robust,rock,rod,roe,rol,role,roll,roller,romain,romant,ron,roof,rooki,room,roomi,roommat,root,rosa,rose,rosemari,rotat,rotisseri,rotten,rough,roulett,round,rout,row,rowdi,royal,royalti,rrr,rub,rubber,rubberi,ruben,rubi,rude,rue,rug,ruin,rule,rum,run,rundown,runner,runni,rush,russel,rusti,rustic,ruth,ry,ryan,rye,sad,safe,safeti,sagan,said,sake,saki,salad,salami,sale,saliv,salmon,salsa,salt,salti,salvat,sam,samba,samos,sampl,sampler,san,sand,sandi,sandwich,sang,sangria,santa,santorini,sao,sap,sar,sarah,sardin,sashimi,satisfact,satisfactori,satisfi,saturday,sau,sauc,sauci,sausag,save,savor,savori,saw,say,scale,scallion,scallop,scam,scampi,scarc,scare,scarf,scari,scatter,scene,sceneri,scent,schedul,scheme,school,scold,scoop,score,scorpion,scotch,scotia,scott,scottish,scottsdal,scrambl,scrape,scratch,scream,screen,screw,script,scrub,scrumptious,sculptur,se,sea,seafood,seal,sear,search,season,seat,seattl,seawe,sec,second,secret,section,secur,see,seed,seek,seem,seen,sel,select,self,sell,semi,sen,send,senior,sens,sensat,sensit,sent,separ,seper,septemb,ser,serenad,seri,serious,serrano,serv,server,servic,sesam,set,settl,setup,seven,sever,sex,sexi,sh,shabbi,shack,shade,shadi,shake,shaker,shall,shallot,shame,shampoo,shandi,shanghai,shape,shar,share,shark,sharp,shave,sheer,sheet,shelf,shell,shellfish,shelv,sheriff,sherri,shi,shift,shine,ship,shirley,shirt,shish,shit,shitti,shock,shoe,shoestr,shoot,shooter,shop,short,shortag,shortcak,shorter,shot,shoulder,shout,shove,show,shower,shown,shred,shrimp,shrug,shu,shut,shuttl,si,sick,sid,side,sidewalk,sigh,sight,sign,signag,signatur,signific,silent,silk,silki,silli,silver,silverwar,similar,simpl,simpler,simpli,simpson,sin,sinatra,sinc,sincer,sing,singapor,singer,singl,sink,sip,sir,sirach,sirloin,sister,sit,site,situat,siu,six,size,sizzl,sizzle,skeptic,skewer,skill,skillet,skimp,skimpi,skin,skinni,skip,skirt,skull,sky,slab,slack,slam,slap,slather,sleep,sleeper,slept,slice,slide,slider,slight,slightest,slim,slimi,sling,slip,sliver,slop,sloppi,slot,slow,slower,slowli,slut,smack,small,smaller,smallest,smart,smash,smell,smelli,smile,smoke,smoker,smokey,smoki,smooth,smother,snack,snag,snap,snapper,sneak,snicker,snob,snobbi,snotti,snow,so,soak,soap,sober,social,sock,soda,soft,softer,soggi,sol,sold,sole,soleil,solid,solo,solut,som,sombrero,somebodi,someday,somehow,someon,someplac,someth,sometim,somewhat,somewher,somme,son,song,soo,soon,sooner,sooth,sop,sophist,sorbet,sore,sorri,sort,souffl,soul,sound,soup,sour,sourc,sourdough,sous,south,southern,southwest,souvenir,soy,sp,spa,space,spacious,spaghetti,span,spanish,spare,sparkl,spars,speak,speaker,spear,special,specialti,specif,specifi,speck,spectacl,spectacular,speechless,speed,speedi,spell,spend,spent,spice,spici,spicier,spider,spike,spill,spilt,spin,spinach,spirit,spit,spite,splash,split,splurg,spoil,spoke,spoken,spoon,sport,spot,spotti,spray,spread,spring,sprinkl,sprout,squar,squash,squeez,squid,squish,sri,sss,st,stack,stad,staf,staff,stage,stain,stair,stale,stall,stamp,stand,standard,standbi,standout,stapl,star,starbuck,starchi,stare,start,starter,starv,stat,state,statement,station,statu,status,stay,steadi,steak,steakhous,steal,steam,steep,steer,stellar,step,steve,stew,stick,sticker,sticki,stiff,still,stingi,stink,stir,stock,stoke,stole,stolen,stomach,stone,stood,stool,stop,storag,store,stori,storm,stout,straight,strang,stranger,strateg,strategi,straw,strawberri,stray,stream,street,stress,stretch,stretchi,strict,strike,string,stringi,strip,stroll,stroller,strong,stronger,struck,structur,struggl,stuck,student,studi,studio,stuf,stuff,stuffi,stumbl,stun,stupid,style,sub,sublim,subsequ,substanc,substanti,substitut,subtl,subway,success,succotash,succul,suck,sucker,sudden,sue,suffer,suffic,suffici,sugar,sugari,suggest,sui,suit,sum,summer,sun,sunda,sunday,sunken,sunni,sunscreen,sunset,sup,super,superb,superior,supervisor,supper,supplement,suppli,support,suppos,sure,surfac,surgeri,surpass,surpris,surrend,surround,surviv,susan,sushi,suspect,sustain,swallow,swanki,swap,swear,sweat,sweet,sweeten,sweeter,sweetest,swim,swine,swing,swipe,swirl,swiss,switch,swordfish,symphoni,sync,synchron,syrup,system,sze,szechwan,ta,tab,tabasco,tabl,table,tacki,taco,tad,tag,tahini,tai,tail,take,taken,takeout,talent,talk,tall,tamal,tan,tang,tangi,tao,tap,tapa,tape,taquer,tarama,target,tart,tartar,task,tast,taste,tasteless,taster,tasti,tastier,tastiest,tat,tata,tate,tattoo,tax,taxi,taylor,te,tea,team,tear,teaspoon,technic,techniqu,teen,teenag,teeth,televis,tell,temp,temperatur,tempt,tempura,ten,tend,tender,tenderloin,tendon,tentat,tequila,teriyaki,term,terrac,terri,terribl,terrif,test,tex,texa,text,textur,th,thai,thank,thanksgiv,that,the,theater,their,theme,theori,there,therefor,they,thick,thicker,thier,thigh,thin,thing,think,third,thirst,thirsti,thirti,tho,thoma,thorough,though,thought,thousand,three,threw,thrill,throughout,throw,throwback,thrown,thru,thumb,thursday,thus,thyme,ti,tian,tick,ticket,tickl,tie,tier,tiffani,tight,tiki,til,tilapia,tile,till,tilt,tim,time,timeless,timer,tin,tina,tini,tip,tir,tire,titl,tl,to,toast,toasti,today,toddler,toe,tofu,togeth,togo,toilet,toiletri,token,tokyo,told,toler,tom,toma,tomato,tomorrow,ton,tone,tongu,toni,tonic,tonight,took,tooth,top,topo,tor,torch,tori,torn,toro,tort,torte,tortilla,toss,tot,total,touch,tough,tour,tourist,tournament,tout,toward,towel,tower,town,tr,tra,traci,track,trade,tradit,traffic,train,transfer,transform,transit,translat,transplant,transport,trap,trash,trashcan,trashi,travel,tray,treasur,treat,treatment,tree,trek,tremend,trend,trendi,tres,tri,trick,tricki,trim,trio,trip,tripe,tripl,tropic,tropicana,troubl,trout,truck,true,truffl,truffle,truli,trump,trust,truth,tt,ttt,tub,tuck,tucson,tuesday,tummi,tuna,tune,turkey,turn,tuscan,tvs,twenti,twice,twist,two,type,typic,tz,uber,udon,ugh,ugli,uhh,uj,ultim,ultra,umami,umbrella,umm,un,unabl,unaccept,unapp,unassum,unattend,unbeat,unbeliev,uncl,uncomfort,und,under,undercook,underdon,underestim,underneath,underst,understaf,understand,understat,understood,unexpect,unfair,unforgett,unfortun,unfriend,unhappi,uni,uniform,unimpress,uninspir,uninterest,uniqu,unit,unless,unlik,unlimit,unnecessari,unorgan,unpleas,unprofession,unreal,unsatisfi,unsur,unusu,up,upbeat,upcom,updat,upgrad,upon,upper,upscal,upset,upsid,upstair,upward,urban,urg,urin,us,usa,usb,use,useless,usual,utensil,util,utter,uz,vacat,vacuum,valentin,valet,valid,valley,valu,valuabl,vampiro,van,vanessa,vanilla,vaniti,vantag,vari,variat,varieti,various,vast,ve,veal,vega,vegan,veget,vegetarian,veggi,vehicl,velvet,vend,vendor,venetian,venezia,veni,venic,venison,vent,ventil,ventur,venu,ver,verd,verdict,veri,verifi,vermont,veronica,vers,version,versus,vi,via,vibe,vibrant,vic,vicin,victim,victoria,video,vietnames,view,villag,vinaigrett,vinegar,vintag,violent,vip,virgin,virginia,virtual,visibl,visit,visitor,visual,viva,vo,vodka,voic,void,vol,volcano,volum,volunt,vomit,vote,vouch,voucher,wa,waa,wac,waddl,waffl,waft,wah,wait,waiter,waitress,waiv,wake,walgreen,walk,walkway,wall,wallet,walnut,wander,wanna,want,war,warehous,wari,warm,warmer,warn,warrant,was,wasabi,wash,wasnt,wast,watch,water,waterfal,waterfront,wateri,watermelon,wave,wax,way,we,weak,wear,weather,web,websit,wed,wedg,wednesday,week,weekday,weekend,weeknight,weigh,weight,weird,welcom,well,wellington,wen,wendy,went,were,west,western,wet,wha,what,whatev,whatsoev,wheat,wheel,wheelchair,whenev,wherea,wherev,whether,which,whil,whim,whine,whip,whiskey,whiski,white,who,whoever,whole,whoop,whose,wi,wick,wide,wife,wild,wildest,will,wilt,win,wind,windi,window,wine,wing,winner,winter,wipe,wir,wire,wise,wish,wit,witch,within,without,wizard,wo,wok,woke,wolf,wolfgang,woman,women,won,wonder,wont,woo,wood,wooden,wor,word,wore,work,worker,world,worn,worri,wors,worst,worth,worthi,worthwhil,would,wouldnt,wound,wow,wrap,wrapper,wrinkl,write,written,wrong,wrote,wtf,ww,www,wynn,xmas,xx,yah,yaki,yam,yamato,yard,yardbird,yay,yaz,yea,yeah,year,yearn,yel,yell,yellow,yelp,yep,yes,yesterday,yet,ying,yo,yogurt,yolk,york,yorker,you,young,younger,youth,youtub,yrs,yucatan,yuck,yum,yummi,yup,yuzu,yy,yyyy,za,zen,zero,zest,zi,zing,zip,zit,zo,zone,zoo,zu,zucchini,